OBJECTID,Date,Dead,Serious injuries,Light injuries,Day of the week,Day/Night,Type of the accident,Cause of the accident,Alcohol or drugs,Weather conditions,Place,Vehicle type,Vehicle characteristic,Skid,Total damage in Czk,x,y
124,12/12/2017,0,0,0,Tuesday,Day,Collision with a parked vehicle,The driver of the motor vehicle,Not tested,Clear,Parking slot adjacent to the road,Passenger car without a trailer,"Private, not used for business activity",No,0,1851109.4271649488,6301417.852997165
125,12/12/2017,0,0,0,Tuesday,Day,Collision with a non rail vehicle ,The driver of the motor vehicle,No,Clear,None or none of listed,Passenger car without a trailer,Registered outside of the Czech Republic,No,50000,1845154.6482643066,6304960.468291977
126,12/12/2017,0,0,1,Tuesday,Day,Other collisions,Pedestrian,Under influence of alcohol,Clear,"Bus, trolleybus, tram stop. islet",Bus,Public transport,No,0,1847449.375111815,6314054.352266688
127,12/12/2017,0,0,0,Tuesday,Day,Collision with a non rail vehicle ,The driver of the motor vehicle,No,Clear,None or none of listed,Passenger car without a trailer,"Private, not used for business activity",No,150000,1840811.3683836497,6312785.490879604
128,12/12/2017,0,0,0,Tuesday,Night,Collision with a non rail vehicle ,The driver of the motor vehicle,No,Clear,Pedestrian crossing,Truck,Private company,No,150000,1850416.1344969855,6304552.772767651
129,12/11/2017,0,0,0,Monday,Night,Collision with a fixed obstacle,The driver of the motor vehicle,No,Clear,"Bridge, overpass, underpass, tunnel",Passenger car without a trailer,Registered outside of the Czech Republic,No,90000,1856272.7927248974,6302766.450804483
130,12/11/2017,0,0,0,Monday,Night,Collision with a parked vehicle,The driver of the motor vehicle,Not tested,Clear,Pedestrian crossing,Passenger car without a trailer,"Private, not used for business activity",No,0,1850575.6269408206,6309985.260485293
131,12/11/2017,0,0,1,Monday,Day,Collision with pedestrian,The driver of the motor vehicle,No,Clear,None or none of listed,Passenger car without a trailer,Private company,No,0,1856214.050097526,6303718.713762286
132,12/11/2017,0,0,0,Monday,Day,Collision with a parked vehicle,The driver of the motor vehicle,Not tested,Clear,Parking slot adjacent to the road,"Not identified, the driver has fled",Not identified,No,0,1845558.2035710106,6308679.636876561
133,12/11/2017,0,0,1,Monday,Day,Collision with pedestrian,The driver of the motor vehicle,No,Clear,Pedestrian crossing,Passenger car without a trailer,"Private, not used for business activity",No,15000,1839623.2435472272,6312379.018481294
134,12/11/2017,0,0,0,Monday,Night,Collision with a fixed obstacle,The driver of the motor vehicle,Not tested,Clear,Parking slot adjacent to the road,"Not identified, the driver has fled",Not identified,No,0,1847891.6820691028,6302698.65329057
135,12/10/2017,0,0,0,Sunday,Night,Collision with a parked vehicle,The driver of the motor vehicle,Not tested,Clear,Near the pedestrian crossing,"Not identified, the driver has fled",Not identified,No,0,1846940.9834501445,6311054.1756377695
136,12/10/2017,0,0,0,Sunday,Day,Collision with a non rail vehicle ,The driver of the motor vehicle,No,Clear,Gas station,Truck,"Private, not used for business activity",No,50000,1845093.3433962103,6312021.23793208
137,12/10/2017,0,0,0,Sunday,Night,Collision with a parked vehicle,The driver of the motor vehicle,Not tested,Clear,None or none of listed,"Not identified, the driver has fled",Not identified,No,0,1850613.4677753258,6300487.3112638425
138,12/10/2017,0,0,1,Sunday,Day,Collision with a non rail vehicle ,Driver of a non-motorized vehicle,No,Clear,None or none of listed,Bicycle,"Private, not used for business activity",No,1000,1852426.0143597901,6308030.98952474
139,12/10/2017,0,0,0,Sunday,Day,Collision with a fixed obstacle,The driver of the motor vehicle,No,Clear,None or none of listed,Truck,"Private, not used for business activity",No,30000,1848965.0886080374,6307638.11484866
140,12/10/2017,0,0,0,Sunday,Night,Collision with a parked vehicle,The driver of the motor vehicle,Not tested,Clear,Parking slot adjacent to the road,"Not identified, the driver has fled",Not identified,No,0,1849458.6446098527,6306745.520969698
141,12/10/2017,0,0,1,Sunday,Day,Other collisions,The driver of the motor vehicle,No,Snow,None or none of listed,Passenger car without a trailer,"Private, not used for business activity",No,60000,1833782.3263405887,6318500.330419268
142,12/9/2017,0,0,1,Saturday,Day,Collision with pedestrian,The driver of the motor vehicle,No,Clear,Parking slot adjacent to the road,Passenger car without a trailer,Private company,No,0,1851143.8208801022,6301297.504399458
143,12/9/2017,0,0,0,Saturday,Day,Collision with a non rail vehicle ,The driver of the motor vehicle,No,Clear,None or none of listed,Passenger car without a trailer,"Private, not used for business activity",No,30000,1851603.060088535,6302621.226461156
144,12/9/2017,0,0,0,Saturday,Night,Collision with a parked vehicle,The driver of the motor vehicle,Not tested,Clear,Parking slot adjacent to the road,"Not identified, the driver has fled",Not identified,No,0,1850383.4508718494,6308905.373641419
145,12/9/2017,0,0,0,Saturday,Night,Collision with a parked vehicle,The driver of the motor vehicle,Not tested,Clear,None or none of listed,"Not identified, the driver has fled",Not identified,No,0,1852455.4029279982,6304912.350233868
146,12/9/2017,0,0,0,Saturday,Day,Collision with wildlife animals,"Forest animals, pets",Not tested,Clear,None or none of listed,Passenger car without a trailer,"Private, not used for business activity",No,3000,1840077.280573218,6314527.363516448
147,12/9/2017,0,0,0,Saturday,Night,Collision with a parked vehicle,The driver of the motor vehicle,Not tested,Clear,Parking slot adjacent to the road,Truck,Private company,No,0,1844992.9764074765,6319370.877143136
148,12/9/2017,0,0,0,Saturday,Night,Collision with a parked vehicle,The driver of the motor vehicle,Under influence of alcohol,Clear,None or none of listed,Passenger car without a trailer,Private company,No,10000,1851694.069783509,6310541.576278161
149,12/8/2017,0,0,0,Friday,Day,Collision with a non rail vehicle ,The driver of the motor vehicle,No,Clear,Near the pedestrian crossing,Passenger car without a trailer,"Private, not used for business activity",No,80000,1847337.1771989232,6306626.831832418
150,12/8/2017,0,0,1,Friday,Day,Collision with pedestrian,Pedestrian,No,Clear,None or none of listed,Bicycle,"Private, not used for business activity",No,0,1850557.043153711,6310149.523710313
151,12/8/2017,0,0,1,Friday,Day,Collision with pedestrian,The driver of the motor vehicle,No,Clear,Pedestrian crossing,Passenger car without a trailer,"Private, not used for business activity",No,1000,1847803.9245730506,6301641.137065032
152,12/8/2017,0,0,1,Friday,Night,Collision with pedestrian,The driver of the motor vehicle,No,Clear,Pedestrian crossing,Passenger car without a trailer,"Private, not used for business activity",No,0,1849198.7349721922,6307313.642930563
153,12/8/2017,0,0,0,Friday,Day,Collision with a fixed obstacle,The driver of the motor vehicle,Not tested,Clear,Parking slot adjacent to the road,Passenger car without a trailer,Police,No,5000,1846770.7846316444,6314371.6397636095
154,12/7/2017,0,0,0,Thursday,Day,Collision with a non rail vehicle ,The driver of the motor vehicle,Not tested,Clear,None or none of listed,Passenger car without a trailer,Not identified,No,0,1851244.8121485384,6301982.836701555
155,12/7/2017,0,0,0,Thursday,Night,Collision with a fixed obstacle,The driver of the motor vehicle,No,Clear,None or none of listed,Passenger car without a trailer,Private company,No,40000,1850468.4705763424,6301937.071453809
156,12/7/2017,0,0,0,Thursday,Day,Collision with a fixed obstacle,The driver of the motor vehicle,No,Clear,None or none of listed,Passenger car without a trailer,Private company,Yes,30000,1847441.4620771366,6321106.502195672
157,12/7/2017,0,0,0,Thursday,Day,Collision with a non rail vehicle ,The driver of the motor vehicle,Under influence of alcohol,Clear,Near the pedestrian crossing,Truck,Private company,No,5000,1848350.867621539,6311786.774299337
158,12/7/2017,0,0,1,Thursday,Day,Collision with a non rail vehicle ,The driver of the motor vehicle,No,Clear,None or none of listed,Passenger car without a trailer,Private company,No,0,1854659.670110135,6309040.155600217
159,12/7/2017,0,0,0,Thursday,Night,Collision with a parked vehicle,The driver of the motor vehicle,Not tested,Clear,Parking slot adjacent to the road,"Not identified, the driver has fled",Not identified,No,0,1847968.6287728045,6309577.268632356
160,12/7/2017,0,0,2,Thursday,Day,Collision with a tram,The driver of the motor vehicle,No,Clear,"Bus, trolleybus, tram stop. islet",Passenger car without a trailer,"Private, not used for business activity",No,0,1850818.597982122,6308913.024226982
161,12/7/2017,0,0,0,Thursday,Night,Collision with a parked vehicle,The driver of the motor vehicle,Not tested,Clear,Parking slot adjacent to the road,"Not identified, the driver has fled",Not identified,No,0,1858609.0544329018,6309126.563157967
162,12/7/2017,0,0,0,Thursday,Day,Collision with a fixed obstacle,The driver of the motor vehicle,No,Clear,Parking slot adjacent to the road,Truck,Registered outside of the Czech Republic,No,0,1850649.7494690407,6306462.394566645
163,12/7/2017,0,0,1,Thursday,Day,Collision with pedestrian,Pedestrian,Not tested,Clear,"Bus, trolleybus, tram stop. islet",Bus,Public transport - city- local ,No,0,1852573.556656288,6309265.981929054
164,12/7/2017,0,0,0,Thursday,Day,Collision with a non rail vehicle ,The driver of the motor vehicle,No,Clear,None or none of listed,Passenger car without a trailer,"Private, not used for business activity",No,50000,1852795.4886477867,6311260.84992034
165,12/7/2017,0,0,0,Thursday,Day,Collision with a parked vehicle,The driver of the motor vehicle,Not tested,Clear,"Exit from the car park, forest roads, etc.",Passenger car without a trailer,"Private, not used for business activity",No,0,1851162.7439690195,6301263.9706247
166,12/7/2017,0,0,0,Thursday,Night,Collision with a fixed obstacle,The driver of the motor vehicle,No,Clear,None or none of listed,Passenger car without a trailer,Private company,No,20000,1845984.2456374918,6312433.670437251
167,12/7/2017,0,0,0,Thursday,Night,Collision with a non rail vehicle ,The driver of the motor vehicle,No,Clear,Near the pedestrian crossing,Passenger car without a trailer,"Private, not used for business activity",No,150000,1846989.7436135008,6311126.599724193
168,12/6/2017,0,0,0,Wednesday,Day,Collision with a non rail vehicle ,The driver of the motor vehicle,No,Clear,"Bridge, overpass, underpass, tunnel",Truck with semi-trailer,Registered outside of the Czech Republic,No,5000,1844879.4543492415,6310760.458053484
169,12/6/2017,0,0,0,Wednesday,Day,Collision with a fixed obstacle,The driver of the motor vehicle,No,Clear,"Exit from the car park, forest roads, etc.",Truck,"Private, used for business activity",No,0,1848814.806961505,6307613.248739364
170,12/6/2017,0,0,0,Wednesday,Day,Collision with a fixed obstacle,The driver of the motor vehicle,No,Clear,None or none of listed,Truck,Private company,No,1000,1848951.1939318336,6308204.709663805
171,12/6/2017,0,0,2,Wednesday,Day,Collision with pedestrian,The driver of the motor vehicle,No,Clear,None or none of listed,Passenger car without a trailer,"Private, not used for business activity",No,300000,1850291.5458342074,6313203.614188577
172,12/6/2017,0,0,0,Wednesday,Day,Collision with a parked vehicle,The driver of the motor vehicle,Not tested,Clear,Parking slot adjacent to the road,Passenger car without a trailer,Private company,No,1000,1847786.0025803072,6310903.157757279
173,12/6/2017,0,0,0,Wednesday,Day,Collision with a non rail vehicle ,The driver of the motor vehicle,Under influence of alcohol,Clear,Pedestrian crossing,Passenger car without a trailer,"Private, not used for business activity",No,20000,1854874.6699029875,6307112.052503731
174,12/6/2017,0,0,0,Wednesday,Night,Collision with a parked vehicle,The driver of the motor vehicle,Not tested,Clear,None or none of listed,"Not identified, the driver has fled",Not identified,No,0,1839959.3242143795,6312608.766504723
175,12/6/2017,0,0,0,Wednesday,Night,Collision with a parked vehicle,The driver of the motor vehicle,Not tested,"At the beginning of the rain, light rain, drizzle, etc.",Parking slot adjacent to the road,"Not identified, the driver has fled",Not identified,No,0,1849849.660889114,6310585.631803029
176,12/6/2017,0,0,0,Wednesday,Night,Collision with a parked vehicle,The driver of the motor vehicle,Not tested,Clear,Parking slot adjacent to the road,"Not identified, the driver has fled",Not identified,No,0,1846490.6938834982,6314045.692777171
177,12/5/2017,0,0,0,Tuesday,Night,Collision with a parked vehicle,The driver of the motor vehicle,Not tested,Clear,Parking slot adjacent to the road,Passenger car without a trailer,"Private, not used for business activity",No,5000,1852180.738448426,6306904.852488248
178,12/5/2017,0,0,0,Tuesday,Day,Other collisions,The driver of the motor vehicle,Not tested,Rain,"Bridge, overpass, underpass, tunnel","Not identified, the driver has fled",Not identified,No,0,1844337.1240464924,6308143.378297704
179,12/5/2017,0,0,1,Tuesday,Day,Collision with a non rail vehicle ,The driver of the motor vehicle,No,Clear,None or none of listed,Truck,Private company,No,30000,1849923.6859014595,6308435.854756985
180,12/5/2017,0,0,0,Tuesday,Day,Collision with a parked vehicle,The driver of the motor vehicle,Not tested,Clear,None or none of listed,"Not identified, the driver has fled",Not identified,No,0,1846615.4023260472,6308710.435548407
181,12/5/2017,0,0,1,Tuesday,Day,Collision with a non rail vehicle ,The driver of the motor vehicle,No,Clear,Parking slot adjacent to the road,Motorbike,"Private, not used for business activity",No,10000,1851940.1676779885,6306641.871010167
182,12/4/2017,1,0,0,Monday,Night,Collision with a non rail vehicle ,The driver of the motor vehicle,No,Clear,None or none of listed,Truck,Registered outside of the Czech Republic,No,150000,1851510.3308413795,6302620.889730318
183,12/4/2017,0,0,1,Monday,Day,Collision with pedestrian,The driver of the motor vehicle,No,Clear,None or none of listed,Passenger car without a trailer,"Private, not used for business activity",No,1000,1853826.828553029,6297997.80926075
184,12/4/2017,0,0,0,Monday,Night,Collision with a fixed obstacle,The driver of the motor vehicle,Not tested,Clear,None or none of listed,"Not identified, the driver has fled",Not identified,No,0,1848805.1395316515,6308102.330442966
185,12/4/2017,0,0,0,Monday,Night,Collision with a parked vehicle,The driver of the motor vehicle,Not tested,Clear,Parking slot adjacent to the road,"Not identified, the driver has fled",Not identified,No,0,1857210.3767946446,6310466.228444028
186,12/4/2017,0,0,1,Monday,Day,Collision with pedestrian,The driver of the motor vehicle,No,Clear,Pedestrian crossing,Passenger car without a trailer,"Private, not used for business activity",No,3000,1849256.6076377488,6310029.9512031935
187,12/4/2017,0,0,0,Monday,Night,Collision with a fixed obstacle,The driver of the motor vehicle,Not tested,Clear,None or none of listed,"Not identified, the driver has fled",Not identified,No,0,1834986.1895266199,6310383.621434803
188,12/4/2017,0,0,0,Monday,Night,Collision with a parked vehicle,The driver of the motor vehicle,Not tested,Clear,Parking slot adjacent to the road,"Not identified, the driver has fled",Not identified,No,0,1842872.105780335,6303453.921758636
189,12/4/2017,0,0,0,Monday,Day,Collision with a non rail vehicle ,The driver of the motor vehicle,Not tested,Clear,"Bus, trolleybus, tram stop. islet",Passenger car without a trailer,"Private, not used for business activity",No,0,1844036.6558202798,6307664.184993863
190,12/4/2017,0,0,0,Monday,Day,Collision with a parked vehicle,The driver of the motor vehicle,Not tested,"At the beginning of the rain, light rain, drizzle, etc.",Parking slot adjacent to the road,"Not identified, the driver has fled",Not identified,No,0,1849988.21502729,6310512.32885606
191,12/4/2017,0,0,1,Monday,Day,Collision with pedestrian,The driver of the motor vehicle,No,Clear,Pedestrian crossing,Passenger car without a trailer,"Private, not used for business activity",No,1000,1842802.1017393153,6303889.640907085
192,12/4/2017,0,0,0,Monday,Night,Collision with a parked vehicle,The driver of the motor vehicle,Not tested,Clear,Parking slot adjacent to the road,"Not identified, the driver has fled",Not identified,No,0,1856275.2909569086,6310330.962753956
193,12/3/2017,0,0,0,Sunday,Day,Collision with a fixed obstacle,The driver of the motor vehicle,No,Clear,"Bus, trolleybus, tram stop. islet",Passenger car without a trailer,"Private, not used for business activity",No,30000,1851301.880753412,6307105.19796587
194,12/3/2017,0,0,0,Sunday,Night,Collision with a fixed obstacle,The driver of the motor vehicle,Not tested,Clear,None or none of listed,"Not identified, the driver has fled",Not identified,No,0,1847904.5437004287,6301267.833045336
195,12/3/2017,0,0,0,Sunday,Night,Other collisions,The driver of the motor vehicle,Not tested,Clear,None or none of listed,Passenger car without a trailer,"Private, not used for business activity",No,0,1846708.7031987794,6315319.578269364
196,12/2/2017,0,0,0,Saturday,Day,Collision with a non rail vehicle ,The driver of the motor vehicle,No,Clear,None or none of listed,Truck,Registered outside of the Czech Republic,No,50000,1848072.520470577,6304251.287311839
197,12/2/2017,0,0,0,Saturday,Day,Collision with wildlife animals,"Forest animals, pets",Not tested,Clear,None or none of listed,Passenger car without a trailer,Private company,No,50000,1837806.644933304,6309794.712709302
198,12/2/2017,0,0,0,Saturday,Day,Collision with a parked vehicle,The driver of the motor vehicle,Not tested,Clear,Parking slot adjacent to the road,Passenger car without a trailer,"Private, not used for business activity",No,10000,1846701.416781513,6313899.418164909
199,12/2/2017,0,0,0,Saturday,Night,Collision with a parked vehicle,The driver of the motor vehicle,Not tested,Clear,None or none of listed,"Not identified, the driver has fled",Not identified,No,0,1845330.052827473,6319460.080105056
200,12/2/2017,0,0,0,Saturday,Night,Collision with a parked vehicle,The driver of the motor vehicle,Not tested,Clear,Parking slot adjacent to the road,"Not identified, the driver has fled",Not identified,No,0,1845902.7810322538,6303768.636585928
201,12/2/2017,0,0,0,Saturday,Night,Collision with a parked vehicle,The driver of the motor vehicle,Not tested,Clear,Parking slot adjacent to the road,"Not identified, the driver has fled",Not identified,No,0,1849840.6677214107,6309151.586555552
202,12/2/2017,0,0,0,Saturday,Night,Collision with a fixed obstacle,The driver of the motor vehicle,Not tested,Clear,None or none of listed,"Not identified, the driver has fled",Not identified,No,0,1837285.7395137139,6314776.889993334
203,12/2/2017,0,0,0,Saturday,Night,Collision with a non rail vehicle ,The driver of the motor vehicle,No,Clear,Pedestrian crossing,Passenger car without a trailer,"Private, not used for business activity",No,110000,1846259.206004267,6312515.302705977
204,12/2/2017,0,0,1,Saturday,Night,Collision with a non rail vehicle ,The driver of the motor vehicle,No,Clear,Near the pedestrian crossing,Passenger car without a trailer,"Private, not used for business activity",No,40000,1849715.0648267525,6308199.571542825
205,12/1/2017,0,0,0,Friday,Night,Collision with wildlife animals,"Forest animals, pets",Not tested,Clear,None or none of listed,Truck,Private company,No,20000,1838234.5488182714,6309589.0380541785
206,12/1/2017,0,0,0,Friday,Day,Other collisions,Technical defect of the vehicle,Not tested,Clear,"Bridge, overpass, underpass, tunnel",Truck,Private company,No,10000,1846705.4437640912,6315797.369244358
207,12/1/2017,0,0,0,Friday,Night,Collision with a parked vehicle,The driver of the motor vehicle,Not tested,"Frost, icy",None or none of listed,"Not identified, the driver has fled",Not identified,No,0,1857792.3920505831,6305364.808661437
208,12/1/2017,0,0,0,Friday,Day,Collision with a parked vehicle,The driver of the motor vehicle,Not tested,Clear,Parking slot adjacent to the road,Passenger car without a trailer,Private company,No,0,1856344.0747136727,6310017.767294104
209,12/1/2017,0,0,1,Friday,Day,Collision with pedestrian,The driver of the motor vehicle,No,Clear,None or none of listed,Passenger car without a trailer,"Private, not used for business activity",No,0,1856309.5332775544,6296721.315125665
210,12/1/2017,0,0,1,Friday,Day,Collision with pedestrian,Pedestrian,Under influence of alcohol,Clear,Pedestrian crossing,Passenger car without a trailer,"Private, used for business activity",No,15000,1850287.368792954,6305433.542106522
211,12/1/2017,0,0,0,Friday,Day,Collision with a fixed obstacle,The driver of the motor vehicle,No,Clear,None or none of listed,Truck,"Private, not used for business activity",No,1000,1851419.5934338802,6311549.255964628
212,12/1/2017,0,0,0,Friday,Night,Collision with a fixed obstacle,The driver of the motor vehicle,No,Clear,"Bridge, overpass, underpass, tunnel",Truck,Private company,No,40000,1848663.2451408315,6306055.571931146
213,12/1/2017,0,0,0,Friday,Night,Collision with a parked vehicle,The driver of the motor vehicle,Not tested,Clear,Parking slot adjacent to the road,Passenger car without a trailer,Private company,Yes,50000,1847778.0658345746,6303811.816472629
214,12/1/2017,0,0,1,Friday,Night,Collision with a non rail vehicle ,The driver of the motor vehicle,No,Clear,Pedestrian crossing,Passenger car without a trailer,Private company,No,60000,1850102.2913452738,6306701.042345015
215,11/30/2017,0,0,0,Thursday,Day,Collision with a fixed obstacle,The driver of the motor vehicle,No,Snow,None or none of listed,Passenger car without a trailer,"Private, not used for business activity",Yes,60000,1856277.8182433096,6306310.60314264
216,11/30/2017,0,1,0,Thursday,Day,Collision with pedestrian,The driver of the motor vehicle,No,"At the beginning of the rain, light rain, drizzle, etc.",Pedestrian crossing,Passenger car without a trailer,Private company,No,20000,1843026.729443608,6303501.420954505
217,11/30/2017,0,0,0,Thursday,Night,Collision with a parked vehicle,The driver of the motor vehicle,Not tested,Clear,None or none of listed,"Not identified, the driver has fled",Not identified,No,0,1852164.9909706207,6302387.289272902
218,11/30/2017,0,0,0,Thursday,Day,Collision with a non rail vehicle ,The driver of the motor vehicle,Not tested,Snow,None or none of listed,"Not identified, the driver has fled",Not identified,No,0,1837821.7834934928,6309769.323634882
219,11/30/2017,0,0,0,Thursday,Night,Collision with a non rail vehicle ,The driver of the motor vehicle,Not tested,Fog,None or none of listed,"Not identified, the driver has fled",Not identified,No,0,1857018.7973981432,6304293.192121585
220,11/30/2017,0,0,0,Thursday,Day,Collision with a parked vehicle,The driver of the motor vehicle,No,Clear,"Exit from the car park, forest roads, etc.",Passenger car without a trailer,Police,No,30000,1848013.8724647658,6309616.943599981
221,11/30/2017,0,0,0,Thursday,Day,Collision with a non rail vehicle ,The driver of the motor vehicle,Not tested,Clear,None or none of listed,"Not identified, the driver has fled",Not identified,No,0,1843605.8909130765,6311842.6777590625
222,11/30/2017,0,0,1,Thursday,Night,Collision with a fixed obstacle,The driver of the motor vehicle,No,Clear,None or none of listed,Passenger car without a trailer,Private company,Yes,60000,1846344.4550269158,6308804.83042669
223,11/30/2017,0,0,0,Thursday,Night,Collision with a parked vehicle,The driver of the motor vehicle,Not tested,Clear,Parking slot adjacent to the road,"Not identified, the driver has fled",Not identified,No,0,1856295.396258826,6296727.099342814
224,11/30/2017,0,0,0,Thursday,Night,Collision with a fixed obstacle,The driver of the motor vehicle,No,"Frost, icy","Bus stop, trolleybus, tramway without boarding. islet",Truck,Private company,Yes,20000,1855387.7051458992,6299985.05060648
225,11/30/2017,0,0,0,Thursday,Day,Collision with a fixed obstacle,The driver of the motor vehicle,Not tested,Snow,"Exit from the car park, forest roads, etc.",Passenger car without a trailer,"Private, not used for business activity",No,5000,1849449.629289571,6306757.445006267
226,11/30/2017,0,0,0,Thursday,Day,Collision with a fixed obstacle,The driver of the motor vehicle,No,Snow,None or none of listed,Passenger car without a trailer,Private company,Yes,120000,1831138.3192286268,6310528.688737952
227,11/29/2017,0,1,0,Wednesday,Day,Collision with pedestrian,The driver of the motor vehicle,No,Clear,Pedestrian crossing,Passenger car without a trailer,"Private, not used for business activity",No,0,1857720.5032592642,6310479.740904358
228,11/29/2017,0,0,0,Wednesday,Day,Collision with a non rail vehicle ,The driver of the motor vehicle,Not tested,Clear,None or none of listed,"Not identified, the driver has fled",Not identified,No,0,1839804.9406672528,6313036.434678414
229,11/29/2017,0,0,0,Wednesday,Day,Collision with a non rail vehicle ,The driver of the motor vehicle,No,Clear,Parking slot adjacent to the road,Passenger car without a trailer,"Private, not used for business activity",No,20000,1858101.9609791285,6305068.47702675
230,11/29/2017,0,0,1,Wednesday,Day,Collision with pedestrian,The driver of the motor vehicle,No,Rain,Pedestrian crossing,Passenger car without a trailer,"Private, not used for business activity",No,2000,1850731.3499953824,6312730.927997932
231,11/29/2017,0,0,2,Wednesday,Day,Collision with a non rail vehicle ,The driver of the motor vehicle,No,Clear,None or none of listed,Truck,Private company,No,70000,1846408.3364959445,6314548.4454584755
232,11/29/2017,0,0,1,Wednesday,Day,Collision with pedestrian,The driver of the motor vehicle,No,Clear,Pedestrian crossing,Passenger car without a trailer,Registered outside of the Czech Republic,No,10000,1848211.222997628,6307304.778303046
233,11/29/2017,0,0,0,Wednesday,Night,Collision with a parked vehicle,The driver of the motor vehicle,No,Clear,None or none of listed,Passenger car without a trailer,Private company,No,20000,1847754.210512973,6305984.072241803
234,11/29/2017,0,0,0,Wednesday,Night,Collision with a fixed obstacle,The driver of the motor vehicle,No,Rain,Parking slot adjacent to the road,Passenger car without a trailer,Police,No,0,1848483.6493988342,6308075.936813604
235,11/29/2017,0,0,0,Wednesday,Day,Other collisions,Technical defect of the vehicle,Not tested,Clear,Near the pedestrian crossing,Truck,Private company,No,0,1848200.272721963,6306173.9594090935
236,11/28/2017,0,0,0,Tuesday,Night,Collision with a fixed obstacle,The driver of the motor vehicle,Not tested,Clear,None or none of listed,"Not identified, the driver has fled",Not identified,No,0,1848701.27132229,6307885.98259527
237,11/28/2017,0,0,0,Tuesday,Night,Collision with a parked vehicle,The driver of the motor vehicle,Not tested,Clear,Parking slot adjacent to the road,"Not identified, the driver has fled",Not identified,No,0,1850795.1377333978,6309673.946610471
238,11/28/2017,0,0,0,Tuesday,Day,Collision with a non rail vehicle ,The driver of the motor vehicle,No,Clear,None or none of listed,Passenger car without a trailer,"Private, not used for business activity",No,50000,1847867.5594694016,6309810.19355318
239,11/28/2017,0,0,0,Tuesday,Day,Collision with a fixed obstacle,The driver of the motor vehicle,No,Clear,None or none of listed,Truck,Private company,No,0,1848716.4060976177,6307782.74940289
240,11/28/2017,0,0,0,Tuesday,Night,Collision with a parked vehicle,The driver of the motor vehicle,Not tested,Clear,Parking slot adjacent to the road,"Not identified, the driver has fled",Not identified,No,0,1848420.7652411247,6305299.410777449
241,11/28/2017,0,1,0,Tuesday,Day,Collision with pedestrian,The driver of the motor vehicle,No,Clear,Pedestrian crossing,Passenger car without a trailer,Private company,No,20000,1837002.679206831,6312366.159489694
242,11/28/2017,0,0,0,Tuesday,Day,Collision with a fixed obstacle,The driver of the motor vehicle,Under influence of alcohol,Clear,None or none of listed,Passenger car without a trailer,"Private, not used for business activity",No,200000,1846259.8693571151,6306203.664387499
243,11/28/2017,0,0,0,Tuesday,Night,Collision with a parked vehicle,The driver of the motor vehicle,Not tested,Clear,None or none of listed,"Not identified, the driver has fled",Not identified,No,0,1851260.1613252095,6298525.39741322
244,11/27/2017,0,0,0,Monday,Night,Collision with a parked vehicle,The driver of the motor vehicle,Not tested,Clear,Parking slot adjacent to the road,"Not identified, the driver has fled",Not identified,No,0,1843010.752313692,6304959.864460357
245,11/27/2017,0,0,0,Monday,Day,Collision with a fixed obstacle,The driver of the motor vehicle,No,Clear,None or none of listed,Truck,Private company,No,1000,1848769.6108029697,6307606.095871321
246,11/27/2017,0,0,0,Monday,Day,Collision with a non rail vehicle ,The driver of the motor vehicle,No,Clear,None or none of listed,Truck with semi-trailer,Private company,No,0,1844762.4505512863,6310579.657445671
247,11/27/2017,0,0,0,Monday,Night,Collision with a parked vehicle,The driver of the motor vehicle,Not tested,Clear,Parking slot adjacent to the road,"Not identified, the driver has fled",Not identified,No,0,1854369.2810845776,6307124.506782195
248,11/27/2017,0,0,0,Monday,Day,Collision with a parked vehicle,The driver of the motor vehicle,No,Clear,Parking slot adjacent to the road,Passenger car without a trailer,"Private, not used for business activity",No,10000,1846855.0960102158,6310558.324895719