OBJECTID,Date,Dead,Serious injuries,Light injuries,Day of the week,Day/Night,Type of the accident,Cause of the accident,Alcohol or drugs,Weather conditions,Place,Vehicle type,Vehicle characteristic,Skid,Total damage in Czk,x,y
249,11/27/2017,0,0,0,Monday,Night,Collision with a parked vehicle,The driver of the motor vehicle,Not tested,Clear,Parking slot adjacent to the road,"Not identified, the driver has fled",Not identified,No,0,1849890.537628773,6309132.843491027
250,11/27/2017,0,0,0,Monday,Day,Collision with a fixed obstacle,The driver of the motor vehicle,No,Clear,"Exit from the car park, forest roads, etc.",Truck,Private company,No,10000,1844489.5098540362,6320207.647381678
251,11/27/2017,0,0,1,Monday,Day,Collision with pedestrian,Pedestrian,No,Clear,Parking slot adjacent to the road,Passenger car without a trailer,"Private, not used for business activity",No,5000,1848173.3479880402,6306552.586547279
252,11/27/2017,0,0,0,Monday,Day,Collision with a fixed obstacle,The driver of the motor vehicle,No,Clear,Parking slot adjacent to the road,Passenger car without a trailer,Registered outside of the Czech Republic,No,20000,1844762.3543712508,6314077.805621115
253,11/27/2017,0,0,1,Monday,Day,Other collisions,Technical defect of the vehicle,Not tested,Clear,"Bus stop, trolleybus, tramway without boarding. islet",Bus,Public transport,No,0,1854015.3023583784,6307581.716512906
254,11/27/2017,0,0,0,Monday,Night,Collision with a fixed obstacle,The driver of the motor vehicle,Not tested,Clear,None or none of listed,"Not identified, the driver has fled",Not identified,No,0,1854122.880289765,6311883.881545549
255,11/26/2017,0,0,0,Sunday,Day,Collision with a non rail vehicle ,The driver of the motor vehicle,Not tested,Clear,None or none of listed,"Not identified, the driver has fled",Not identified,No,0,1842966.3516442287,6311575.126554728
256,11/26/2017,0,0,0,Sunday,Night,Collision with a parked vehicle,The driver of the motor vehicle,Not tested,Clear,Parking slot adjacent to the road,"Not identified, the driver has fled",Not identified,No,0,1851087.4731802524,6300717.755322839
257,11/26/2017,0,0,0,Sunday,Night,Collision with a parked vehicle,The driver of the motor vehicle,Not tested,Clear,None or none of listed,Passenger car without a trailer,"Private, not used for business activity",No,0,1848912.2532607603,6311883.560123502
258,11/26/2017,0,0,0,Sunday,Night,Collision with a parked vehicle,The driver of the motor vehicle,No,Clear,None or none of listed,Truck,Private company,No,15000,1847841.2660283174,6306113.1690746015
259,11/26/2017,0,0,0,Sunday,Day,Collision with a fixed obstacle,The driver of the motor vehicle,Not tested,Clear,None or none of listed,Passenger car without a trailer,"Private, not used for business activity",No,0,1846673.8756715707,6315743.2867613975
260,11/25/2017,0,0,0,Saturday,Day,Collision with a non rail vehicle ,The driver of the motor vehicle,No,Clear,Parking slot adjacent to the road,Passenger car without a trailer,"Private, not used for business activity",No,0,1849178.9516062485,6308190.562548075
261,11/25/2017,0,1,0,Saturday,Day,Collision with pedestrian,The driver of the motor vehicle,No,Clear,Pedestrian crossing,Passenger car without a trailer,"Private, not used for business activity",No,10000,1855417.4217726449,6299840.214697175
262,11/25/2017,0,0,0,Saturday,Day,Collision with a non rail vehicle ,The driver of the motor vehicle,No,"At the beginning of the rain, light rain, drizzle, etc.",None or none of listed,Passenger car without a trailer,"Private, not used for business activity",No,50000,1847586.4963455042,6304120.189735906
263,11/25/2017,0,0,1,Saturday,Day,Collision with a non rail vehicle ,The driver of the motor vehicle,No,Clear,None or none of listed,Passenger car without a trailer,"Private, not used for business activity",No,20000,1843296.3788687906,6304417.825366879
264,11/25/2017,0,0,0,Saturday,Night,Collision with a parked vehicle,The driver of the motor vehicle,Not tested,Clear,None or none of listed,"Not identified, the driver has fled",Not identified,No,0,1849589.3081998834,6309108.660750374
265,11/25/2017,0,0,0,Saturday,Night,Collision with a fixed obstacle,The driver of the motor vehicle,Not tested,Clear,None or none of listed,"Not identified, the driver has fled",Not identified,No,0,1846028.1055168675,6312457.018891744
266,11/24/2017,0,1,0,Friday,Day,Other collisions,The driver of the motor vehicle,Not tested,Clear,None or none of listed,"Not identified, the driver has fled",Not identified,No,0,1847321.2048557452,6306690.922590538
267,11/24/2017,0,0,1,Friday,Day,Collision with a non rail vehicle ,The driver of the motor vehicle,No,Clear,None or none of listed,Passenger car without a trailer,Private company,No,50000,1845207.7375313395,6307783.898872981
268,11/24/2017,0,0,1,Friday,Day,Other collisions,Other,Not tested,Clear,None or none of listed,Truck,Private company,No,0,1845924.7647392566,6317600.033758395
269,11/24/2017,0,0,0,Friday,Day,Crash,The driver of the motor vehicle,No,Clear,None or none of listed,Truck,Private company,No,20000,1852652.2715587807,6312663.871961084
270,11/24/2017,0,0,1,Friday,Day,Crash,Driver of a non-motorized vehicle,No,Clear,None or none of listed,Bicycle,"Private, not used for business activity",No,0,1847257.1657583201,6308949.27341495
271,11/24/2017,0,0,0,Friday,Day,Collision with a non rail vehicle ,The driver of the motor vehicle,Under influence of alcohol,Clear,None or none of listed,Passenger car without a trailer,"Private, not used for business activity",No,20000,1854986.8758308867,6307030.798407897
272,11/24/2017,0,0,0,Friday,Night,Collision with a parked vehicle,The driver of the motor vehicle,Not tested,Clear,Parking slot adjacent to the road,Passenger car without a trailer,"Private, not used for business activity",No,50000,1852329.695838297,6304797.939191092
273,11/23/2017,0,1,0,Thursday,Night,Collision with pedestrian,The driver of the motor vehicle,Not tested,Clear,"Bus stop, trolleybus, tramway without boarding. islet",Tram,Public transport,No,0,1845503.0633536773,6316934.4276806945
274,11/23/2017,0,0,0,Thursday,Day,Collision with a fixed obstacle,The driver of the motor vehicle,No,Fog,Near the pedestrian crossing,Passenger car without a trailer,"Private, not used for business activity",Yes,20000,1848390.5799593246,6314106.484634164
275,11/23/2017,0,0,0,Thursday,Night,Collision with a parked vehicle,The driver of the motor vehicle,Not tested,Clear,Parking slot adjacent to the road,"Not identified, the driver has fled",Not identified,No,0,1857918.858005251,6305577.003283603
276,11/23/2017,0,0,0,Thursday,Night,Collision with a parked vehicle,The driver of the motor vehicle,Not tested,Clear,None or none of listed,"Not identified, the driver has fled",Not identified,No,0,1848732.0870063694,6311732.807547567
277,11/23/2017,0,0,0,Thursday,Night,Collision with a parked vehicle,The driver of the motor vehicle,Not tested,Clear,None or none of listed,"Not identified, the driver has fled",Not identified,No,0,1849098.9770123938,6306875.667421829
278,11/23/2017,0,0,0,Thursday,Night,Collision with a parked vehicle,The driver of the motor vehicle,Not tested,"At the beginning of the rain, light rain, drizzle, etc.",None or none of listed,Truck,Private company,No,0,1844864.2547859654,6302941.541547969
279,11/23/2017,0,0,0,Thursday,Night,Collision with a parked vehicle,The driver of the motor vehicle,Not tested,Clear,Parking slot adjacent to the road,"Not identified, the driver has fled",Not identified,No,0,1849906.089184277,6314389.597513422
280,11/23/2017,0,0,0,Thursday,Day,Collision with a parked vehicle,The driver of the motor vehicle,Not tested,Clear,None or none of listed,Passenger car without a trailer,"Private, not used for business activity",No,5000,1847054.8760909683,6311411.370464649
281,11/22/2017,0,0,2,Wednesday,Night,Collision with a non rail vehicle ,The driver of the motor vehicle,No,Clear,None or none of listed,Truck,"Private, not used for business activity",No,110000,1850164.9193568355,6308563.619817772
282,11/22/2017,0,0,0,Wednesday,Day,Collision with wildlife animals,"Forest animals, pets",Not tested,Clear,None or none of listed,Passenger car without a trailer,Private company,No,50000,1852782.5646775472,6304769.464171276
283,11/22/2017,0,0,0,Wednesday,Night,Collision with a parked vehicle,The driver of the motor vehicle,Not tested,Clear,None or none of listed,"Not identified, the driver has fled",Not identified,No,0,1849951.3323196406,6309518.9259166205
284,11/22/2017,0,0,0,Wednesday,Night,Collision with a parked vehicle,The driver of the motor vehicle,Not tested,Clear,None or none of listed,"Not identified, the driver has fled",Not identified,No,0,1848959.1745374496,6307267.785876834
285,11/22/2017,0,0,3,Wednesday,Day,Collision with pedestrian,The driver of the motor vehicle,Under influence of alcohol,Clear,Pedestrian crossing,Passenger car without a trailer,"Private, not used for business activity",No,5000,1850941.8293263454,6315103.40266822
286,11/22/2017,0,0,0,Wednesday,Night,Collision with a parked vehicle,The driver of the motor vehicle,Not tested,Clear,None or none of listed,"Not identified, the driver has fled",Not identified,No,0,1846622.609817794,6314131.77870635
287,11/22/2017,0,0,1,Wednesday,Day,Collision with a non rail vehicle ,The driver of the motor vehicle,No,Clear,None or none of listed,Passenger car without a trailer,"Private, not used for business activity",No,50000,1846359.7657983575,6304295.622411476
288,11/22/2017,0,0,1,Wednesday,Day,Collision with a non rail vehicle ,The driver of the motor vehicle,No,Clear,None or none of listed,Passenger car without a trailer,"Private, not used for business activity",No,105000,1848274.0105300224,6310476.43537628
289,11/22/2017,0,0,0,Wednesday,Day,Collision with a parked vehicle,The driver of the motor vehicle,Not tested,Clear,None or none of listed,Passenger car without a trailer,Private company,No,0,1845880.6408100503,6304074.9582497375
290,11/22/2017,0,0,0,Wednesday,Day,Collision with a parked vehicle,The driver of the motor vehicle,Not tested,Clear,None or none of listed,Passenger car without a trailer,"Private, not used for business activity",No,1000,1846754.0633309307,6310618.609186795
291,11/22/2017,0,0,0,Wednesday,Night,Collision with a parked vehicle,The driver of the motor vehicle,Not tested,Clear,Parking slot adjacent to the road,"Not identified, the driver has fled",Not identified,No,0,1849728.6200898304,6310566.69759819
292,11/22/2017,0,0,0,Wednesday,Night,Collision with a parked vehicle,The driver of the motor vehicle,Not tested,Clear,Parking slot adjacent to the road,"Not identified, the driver has fled",Not identified,No,0,1847962.6697291436,6311034.028096676
293,11/21/2017,0,0,0,Tuesday,Night,Collision with a fixed obstacle,The driver of the motor vehicle,No,Rain,None or none of listed,Passenger car without a trailer,"Private, not used for business activity",Yes,15000,1848507.2201878142,6307296.079418365
294,11/21/2017,0,0,0,Tuesday,Day,Collision with a non rail vehicle ,The driver of the motor vehicle,Not tested,Rain,Near the pedestrian crossing,"Not identified, the driver has fled",Not identified,No,0,1853335.4844694915,6313998.564192599
295,11/21/2017,0,0,0,Tuesday,Day,Collision with a non rail vehicle ,The driver of the motor vehicle,No,"At the beginning of the rain, light rain, drizzle, etc.",None or none of listed,Passenger car without a trailer,"Private, not used for business activity",No,30000,1847156.6656314724,6312637.140029282
296,11/21/2017,0,0,0,Tuesday,Night,Collision with a parked vehicle,The driver of the motor vehicle,Not tested,Clear,Parking slot adjacent to the road,"Not identified, the driver has fled",Not identified,No,0,1846220.2774670168,6310331.666480595
297,11/21/2017,0,0,0,Tuesday,Day,Collision with a non rail vehicle ,The driver of the motor vehicle,No,"At the beginning of the rain, light rain, drizzle, etc.",None or none of listed,Passenger car without a trailer,"Private, not used for business activity",No,15000,1844690.9744213216,6310330.359900527
298,11/21/2017,0,0,0,Tuesday,Day,Collision with a non rail vehicle ,The driver of the motor vehicle,No,Clear,Parking slot adjacent to the road,Passenger car without a trailer,Police,No,60000,1847869.3984673931,6311402.478859386
299,11/21/2017,0,0,0,Tuesday,Day,Collision with pedestrian,The driver of the motor vehicle,No,Clear,None or none of listed,Passenger car without a trailer,Private company,No,80000,1841719.2616527723,6305911.396695456
300,11/21/2017,0,0,1,Tuesday,Day,Collision with a non rail vehicle ,The driver of the motor vehicle,No,Clear,None or none of listed,Passenger car without a trailer,Registered outside of the Czech Republic,No,30000,1846502.3646189137,6304271.607132498
301,11/21/2017,0,0,0,Tuesday,Night,Collision with a fixed obstacle,The driver of the motor vehicle,No,Clear,None or none of listed,Passenger car without a trailer,Private company,No,80000,1853977.4458278203,6307365.039319545
302,11/21/2017,0,0,0,Tuesday,Day,Collision with a parked vehicle,The driver of the motor vehicle,Not tested,Clear,None or none of listed,Passenger car without a trailer,"Private, not used for business activity",No,0,1846805.1635413037,6313848.101049602
303,11/20/2017,0,0,1,Monday,Day,Collision with pedestrian,The driver of the motor vehicle,No,"Frost, icy",Pedestrian crossing,Truck,"Private, not used for business activity",No,5000,1841293.5369581569,6307892.725170531
304,11/20/2017,0,0,0,Monday,Day,Collision with a fixed obstacle,The driver of the motor vehicle,No,Clear,None or none of listed,Passenger car without a trailer,"Private, not used for business activity",Yes,30000,1845264.0343581822,6319296.834486647
305,11/20/2017,0,0,0,Monday,Day,Crash,The driver of the motor vehicle,No,"Frost, icy","Bridge, overpass, underpass, tunnel",Passenger car without a trailer,"Private, not used for business activity",Yes,40000,1846831.0347475635,6315083.9435952455
306,11/20/2017,0,0,0,Monday,Day,Crash,The driver of the motor vehicle,No,"Frost, icy",None or none of listed,Passenger car without a trailer,"Private, not used for business activity",Yes,30000,1846843.6127368277,6315082.578822639
307,11/20/2017,0,0,0,Monday,Day,Collision with a fixed obstacle,The driver of the motor vehicle,No,Clear,None or none of listed,Passenger car without a trailer,"Private, not used for business activity",No,1000,1845240.658266989,6319284.724838489
308,11/20/2017,0,0,1,Monday,Day,Collision with a non rail vehicle ,The driver of the motor vehicle,No,Clear,None or none of listed,Passenger car without a trailer,"Private, not used for business activity",No,20000,1852958.490327251,6315216.370212899
309,11/20/2017,0,0,0,Monday,Day,Collision with a non rail vehicle ,The driver of the motor vehicle,No,Clear,Near the pedestrian crossing,Passenger car without a trailer,"Private, not used for business activity",No,120000,1851085.3173669933,6311955.915330798
310,11/20/2017,0,0,0,Monday,Day,Collision with a fixed obstacle,The driver of the motor vehicle,No,Clear,None or none of listed,Passenger car without a trailer,"Private, not used for business activity",Yes,30000,1845240.658266989,6319284.724838489
311,11/20/2017,0,0,0,Monday,Day,Collision with a parked vehicle,The driver of the motor vehicle,No,Clear,None or none of listed,Truck,Private company,No,10000,1849237.3382338881,6309690.871380892
312,11/20/2017,0,0,0,Monday,Night,Collision with a parked vehicle,The driver of the motor vehicle,Not tested,Clear,Parking slot adjacent to the road,"Not identified, the driver has fled",Not identified,No,0,1846986.5705627352,6306448.050425462
313,11/20/2017,0,0,0,Monday,Day,Crash,The driver of the motor vehicle,Not tested,Clear,Pedestrian crossing,Truck,Private company,No,0,1842551.1156946782,6304965.5000535
314,11/20/2017,0,0,0,Monday,Day,Crash,The driver of the motor vehicle,Not tested,Clear,None or none of listed,"Not identified, the driver has fled",Not identified,No,0,1855194.8590449116,6298816.923514192
315,11/20/2017,0,0,0,Monday,Night,Collision with a parked vehicle,The driver of the motor vehicle,Not tested,Clear,Parking slot adjacent to the road,"Not identified, the driver has fled",Not identified,No,0,1849981.6014250228,6309237.963737329
316,11/20/2017,0,0,0,Monday,Night,Collision with a parked vehicle,The driver of the motor vehicle,Not tested,Clear,None or none of listed,"Not identified, the driver has fled",Not identified,No,0,1845864.4027472485,6316866.712333144
317,11/20/2017,0,0,0,Monday,Day,Collision with a non rail vehicle ,The driver of the motor vehicle,No,Clear,None or none of listed,Truck with semi-trailer,Registered outside of the Czech Republic,No,0,1857209.926284665,6304117.288194049
318,11/20/2017,0,0,0,Monday,Night,Collision with a fixed obstacle,The driver of the motor vehicle,Not tested,Clear,Parking slot adjacent to the road,Truck,Private company,No,5000,1851053.966013526,6300747.713230586
319,11/19/2017,0,0,0,Sunday,Day,Collision with a parked vehicle,The driver of the motor vehicle,No,Snow,"Bus, trolleybus, tram stop. islet",Bus,Private company,No,20000,1849525.1424208758,6307842.342513739
320,11/19/2017,0,0,0,Sunday,Day,Collision with a fixed obstacle,The driver of the motor vehicle,No,Clear,None or none of listed,Passenger car without a trailer,"Private, not used for business activity",Yes,20000,1844314.775100243,6308858.74162669
321,11/19/2017,0,0,0,Sunday,Day,Collision with a non rail vehicle ,The driver of the motor vehicle,No,Clear,"Bridge, overpass, underpass, tunnel",Truck,"Private, used for business activity",No,120000,1847888.6371470704,6301567.068790968
322,11/19/2017,0,0,1,Sunday,Day,Collision with a fixed obstacle,The driver of the motor vehicle,No,Clear,None or none of listed,Passenger car without a trailer,"Private, not used for business activity",Yes,50000,1847750.1009313327,6303139.273330356
323,11/19/2017,0,0,0,Sunday,Night,Collision with a parked vehicle,The driver of the motor vehicle,Not tested,Clear,"Exit from the car park, forest roads, etc.","Not identified, the driver has fled",Not identified,No,0,1845935.1608665038,6303383.322642975
324,11/19/2017,0,0,1,Sunday,Day,Collision with pedestrian,Pedestrian,Under influence of alcohol,Clear,"Bus, trolleybus, tram stop. islet",Tram,Public transport,No,0,1849126.2662063283,6307296.909278285
325,11/18/2017,0,0,2,Saturday,Day,Collision with a non rail vehicle ,The driver of the motor vehicle,No,Clear,None or none of listed,Passenger car without a trailer,"Private, not used for business activity",No,40000,1853570.4454055198,6297597.282954895
326,11/18/2017,0,0,0,Saturday,Day,Collision with a fixed obstacle,The driver of the motor vehicle,Not tested,Clear,None or none of listed,Passenger car without a trailer,"Private, not used for business activity",No,30000,1844314.775100243,6308858.74162669
327,11/18/2017,0,0,0,Saturday,Night,Collision with a parked vehicle,The driver of the motor vehicle,Not tested,Clear,Parking slot adjacent to the road,"Not identified, the driver has fled",Not identified,No,0,1845888.5089829806,6309278.832611451
328,11/18/2017,0,0,0,Saturday,Day,Collision with a non rail vehicle ,The driver of the motor vehicle,No,Clear,None or none of listed,Passenger car without a trailer,"Private, not used for business activity",No,130000,1848416.117318425,6306067.502485085
329,11/17/2017,0,0,0,Friday,Night,Collision with a parked vehicle,The driver of the motor vehicle,Not tested,Clear,Parking slot adjacent to the road,"Not identified, the driver has fled",Not identified,No,0,1850867.2048585408,6310905.090155043
330,11/17/2017,0,0,1,Friday,Day,Collision with a fixed obstacle,The driver of the motor vehicle,No,Clear,"Bridge, overpass, underpass, tunnel",Passenger car without a trailer,"Private, not used for business activity",No,30000,1851612.0607146411,6311449.380581068
331,11/17/2017,0,1,0,Friday,Day,Collision with a non rail vehicle ,The driver of the motor vehicle,No,Clear,None or none of listed,Passenger car without a trailer,"Private, not used for business activity",No,20000,1846706.875110103,6310940.856804592
332,11/17/2017,0,0,0,Friday,Night,Collision with a non rail vehicle ,The driver of the motor vehicle,No,Clear,Near the pedestrian crossing,Passenger car without a trailer,"Private, not used for business activity",No,50000,1843201.6446462919,6304391.945071082
333,11/17/2017,0,0,0,Friday,Night,Collision with a parked vehicle,The driver of the motor vehicle,Not tested,Clear,Parking slot adjacent to the road,"Not identified, the driver has fled",Not identified,No,0,1848478.1190465356,6309081.439384535
334,11/16/2017,0,0,0,Thursday,Night,Collision with a parked vehicle,The driver of the motor vehicle,Not tested,Clear,Parking slot adjacent to the road,"Not identified, the driver has fled",Not identified,No,0,1848387.5941479367,6305373.322998111
335,11/16/2017,0,0,0,Thursday,Day,Collision with a non rail vehicle ,The driver of the motor vehicle,No,Clear,"Bridge, overpass, underpass, tunnel",Truck with semi-trailer,Private company,No,10000,1844323.6640729033,6308428.902209963
336,11/16/2017,0,0,0,Thursday,Day,Other collisions,Technical defect of the vehicle,Not tested,Clear,"Bridge, overpass, underpass, tunnel",Truck,Private company,No,10000,1844009.649600491,6305811.8514057575
337,11/16/2017,0,0,0,Thursday,Day,Collision with a fixed obstacle,The driver of the motor vehicle,No,Clear,Parking slot adjacent to the road,Passenger car without a trailer,"Private, not used for business activity",No,20000,1845757.9510351494,6303646.898654171
338,11/16/2017,0,0,0,Thursday,Day,Collision with a fixed obstacle,The driver of the motor vehicle,No,Clear,"Bridge, overpass, underpass, tunnel",Passenger car without a trailer,Private company,No,0,1844009.649600491,6305811.8514057575
339,11/16/2017,0,0,1,Thursday,Day,Collision with a non rail vehicle ,The driver of the motor vehicle,No,Clear,None or none of listed,Passenger car without a trailer,"Private, not used for business activity",No,50000,1851311.4575692024,6307210.468019133
340,11/16/2017,0,0,0,Thursday,Day,Collision with a parked vehicle,The driver of the motor vehicle,No,Clear,None or none of listed,Passenger car without a trailer,"Private, not used for business activity",No,20000,1848631.0126935916,6307434.221902272
341,11/16/2017,0,0,0,Thursday,Night,Collision with a parked vehicle,The driver of the motor vehicle,Not tested,Clear,Parking slot adjacent to the road,Passenger car without a trailer,"Private, not used for business activity",No,0,1840133.5316477465,6312406.782605501
342,11/15/2017,0,0,0,Wednesday,Day,Collision with a non rail vehicle ,The driver of the motor vehicle,Not tested,Clear,None or none of listed,"Not identified, the driver has fled",Not identified,No,0,1851148.2351431875,6312581.941176594
343,11/15/2017,0,0,0,Wednesday,Day,Collision with a fixed obstacle,The driver of the motor vehicle,No,Clear,Parking slot adjacent to the road,Passenger car without a trailer,"Private, not used for business activity",No,1000,1847781.519187815,6306987.6243391
344,11/15/2017,0,0,0,Wednesday,Day,Collision with a non rail vehicle ,The driver of the motor vehicle,No,Clear,Parking slot adjacent to the road,Passenger car without a trailer,Registered outside of the Czech Republic,No,10000,1848248.3726494156,6306460.607615157
345,11/15/2017,0,1,0,Wednesday,Day,Collision with pedestrian,Pedestrian,Under influence of alcohol,Clear,Near the pedestrian crossing,Passenger car without a trailer,Private company,No,40000,1856737.3513351972,6309602.169162218
346,11/15/2017,0,0,2,Wednesday,Night,Collision with a non rail vehicle ,The driver of the motor vehicle,No,Clear,None or none of listed,Passenger car without a trailer,"Private, not used for business activity",No,20000,1846632.9971507997,6318151.917536636
347,11/15/2017,0,0,0,Wednesday,Night,Collision with a parked vehicle,The driver of the motor vehicle,Not tested,Clear,None or none of listed,"Not identified, the driver has fled",Not identified,No,0,1849768.6352166308,6308906.41849017
348,11/14/2017,0,0,1,Tuesday,Day,Crash,The driver of the motor vehicle,No,Clear,Pedestrian crossing,Passenger car without a trailer,"Private, not used for business activity",No,0,1849083.5297632567,6310680.042070551
349,11/14/2017,0,0,0,Tuesday,Night,Collision with a fixed obstacle,The driver of the motor vehicle,Not tested,Clear,None or none of listed,"Not identified, the driver has fled",Not identified,No,0,1851721.907782532,6307657.775104758
350,11/14/2017,0,0,1,Tuesday,Day,Collision with a non rail vehicle ,The driver of the motor vehicle,No,Clear,None or none of listed,Passenger car without a trailer,"Private, not used for business activity",No,80000,1849986.7442741776,6309849.137477179
351,11/14/2017,0,0,0,Tuesday,Day,Collision with a parked vehicle,The driver of the motor vehicle,Not tested,Clear,Parking slot adjacent to the road,Passenger car without a trailer,"Private, not used for business activity",No,5000,1848447.899812283,6307661.811647959
352,11/14/2017,0,0,1,Tuesday,Day,Other collisions,The driver of the motor vehicle,Not tested,Clear,None or none of listed,"Not identified, the driver has fled",Not identified,No,0,1843957.0626069978,6307669.298770445
353,11/14/2017,0,0,0,Tuesday,Night,Collision with a parked vehicle,The driver of the motor vehicle,Not tested,Clear,None or none of listed,"Not identified, the driver has fled",Not identified,No,0,1851248.8386858434,6308684.712597601
354,11/14/2017,0,0,0,Tuesday,Day,Collision with a non rail vehicle ,The driver of the motor vehicle,Not tested,Clear,None or none of listed,"Not identified, the driver has fled",Not identified,No,0,1848366.242624325,6305963.442593711
355,11/13/2017,0,0,1,Monday,Night,Collision with pedestrian,Pedestrian,No,Clear,Near the pedestrian crossing,Passenger car without a trailer,"Private, not used for business activity",No,20000,1851292.7517759302,6307072.834736603
356,11/13/2017,0,0,0,Monday,Night,Collision with a parked vehicle,The driver of the motor vehicle,Not tested,Clear,Parking slot adjacent to the road,"Not identified, the driver has fled",Not identified,No,0,1849664.75888095,6308450.515396281
357,11/13/2017,0,0,0,Monday,Day,Collision with a parked vehicle,The driver of the motor vehicle,Under influence of alcohol,Clear,Parking slot adjacent to the road,Truck,Private company,No,0,1848724.633609867,6313665.117877142
358,11/13/2017,0,0,0,Monday,Night,Collision with a parked vehicle,The driver of the motor vehicle,Not tested,Clear,None or none of listed,"Not identified, the driver has fled",Not identified,No,0,1854796.1568227299,6309319.912265336
359,11/13/2017,0,0,1,Monday,Day,Collision with a non rail vehicle ,The driver of the motor vehicle,No,Clear,Near the pedestrian crossing,Passenger car without a trailer,"Private, not used for business activity",No,50000,1843939.80496898,6304452.369501218
360,11/13/2017,0,0,0,Monday,Day,Collision with a non rail vehicle ,The driver of the motor vehicle,No,Clear,"Bridge, overpass, underpass, tunnel",Passenger car without a trailer,Private company,No,80000,1844704.6681658435,6310369.381032369
361,11/13/2017,0,0,0,Monday,Night,Collision with a fixed obstacle,The driver of the motor vehicle,Not tested,Clear,"Exit from the car park, forest roads, etc.","Not identified, the driver has fled",Not identified,No,0,1845454.2448589045,6302902.532151949
362,11/13/2017,0,0,0,Monday,Night,Collision with a parked vehicle,The driver of the motor vehicle,Not tested,Clear,None or none of listed,"Not identified, the driver has fled",Not identified,No,0,1849544.0757511857,6307919.315996675
363,11/12/2017,0,0,1,Sunday,Day,Collision with a non rail vehicle ,The driver of the motor vehicle,No,Clear,"Exit from the car park, forest roads, etc.",Passenger car without a trailer,"Private, not used for business activity",Yes,40000,1845391.5293502249,6307881.503560467
364,11/12/2017,0,0,0,Sunday,Night,Collision with a parked vehicle,The driver of the motor vehicle,Not tested,Clear,Near the pedestrian crossing,"Not identified, the driver has fled",Not identified,No,0,1840163.2893513863,6307217.173773416
365,11/12/2017,1,0,0,Sunday,Day,Collision with a non rail vehicle ,Driver of a non-motorized vehicle,No,Clear,"Exit from the car park, forest roads, etc.",Bicycle,"Private, not used for business activity",No,3000,1845476.4542105147,6310623.256157505
366,11/12/2017,0,0,0,Sunday,Night,Collision with a parked vehicle,The driver of the motor vehicle,Not tested,"At the beginning of the rain, light rain, drizzle, etc.",Parking slot adjacent to the road,"Not identified, the driver has fled",Not identified,No,0,1847320.3087338423,6306556.364530056
367,11/12/2017,0,0,0,Sunday,Night,Collision with a non rail vehicle ,The driver of the motor vehicle,No,Rain,None or none of listed,Passenger car without a trailer,"Private, not used for business activity",No,20000,1846672.927340828,6311056.571240549
368,11/12/2017,0,0,1,Sunday,Night,Collision with a non rail vehicle ,The driver of the motor vehicle,No,Clear,Near the pedestrian crossing,Passenger car without a trailer,"Private, not used for business activity",No,30000,1848155.3020967103,6306218.584103541
369,11/11/2017,0,0,0,Saturday,Night,Collision with wildlife animals,"Forest animals, pets",Not tested,Rain,None or none of listed,Truck with semi-trailer,Private company,No,40000,1858925.2498767714,6304319.006899862
370,11/11/2017,0,0,0,Saturday,Day,Collision with a fixed obstacle,The driver of the motor vehicle,No,Clear,"Bus, trolleybus, tram stop. islet",Passenger car without a trailer,"Private, not used for business activity",No,30000,1846430.062720961,6315084.640047061
371,11/11/2017,0,0,1,Saturday,Day,Collision with pedestrian,Driver of a non-motorized vehicle,No,Clear,None or none of listed,Bicycle,"Private, not used for business activity",No,0,1839931.9215858872,6312074.9432187965