OBJECTID,Date,Dead,Serious injuries,Light injuries,Day of the week,Day/Night,Type of the accident,Cause of the accident,Alcohol or drugs,Weather conditions,Place,Vehicle type,Vehicle characteristic,Skid,Total damage in Czk,x,y
372,11/11/2017,0,0,1,Saturday,Day,Crash,Driver of a non-motorized vehicle,Under influence of alcohol,Clear,None or none of listed,Bicycle,"Private, not used for business activity",No,1000,1845215.8205508867,6303491.124570046
373,11/11/2017,0,0,1,Saturday,Day,Collision with a non rail vehicle ,The driver of the motor vehicle,No,Clear,Near the pedestrian crossing,Passenger car without a trailer,"Private, not used for business activity",No,20000,1840784.4306253514,6306643.467412799
374,11/11/2017,0,0,0,Saturday,Night,Collision with a parked vehicle,The driver of the motor vehicle,Not tested,Clear,Parking slot adjacent to the road,"Not identified, the driver has fled",Not identified,No,0,1849493.5031951999,6307164.03138347
375,11/11/2017,0,0,0,Saturday,Night,Collision with a fixed obstacle,The driver of the motor vehicle,No,Clear,None or none of listed,Passenger car without a trailer,"Private, not used for business activity",No,30000,1840045.2941420516,6304174.611410852
376,11/10/2017,0,0,1,Friday,Night,Collision with a non rail vehicle ,Driver of a non-motorized vehicle,Under influence of alcohol,Clear,None or none of listed,Bicycle,Other,No,2000,1847341.462554041,6306659.751826946
377,11/10/2017,0,0,0,Friday,Day,Collision with a non rail vehicle ,The driver of the motor vehicle,No,Clear,Near the pedestrian crossing,Passenger car without a trailer,"Private, not used for business activity",No,40000,1849107.7731445997,6306919.782643267
378,11/10/2017,0,0,0,Friday,Night,Collision with a parked vehicle,The driver of the motor vehicle,Not tested,Clear,Near the pedestrian crossing,"Not identified, the driver has fled",Not identified,No,0,1847672.2887185868,6309353.054217221
379,11/10/2017,0,0,0,Friday,Night,Collision with a parked vehicle,The driver of the motor vehicle,Not tested,Clear,Parking slot adjacent to the road,"Not identified, the driver has fled",Not identified,No,0,1846099.9344183009,6310136.734573647
380,11/10/2017,0,0,1,Friday,Day,Collision with pedestrian,Pedestrian,No,Clear,None or none of listed,Truck,Private company,No,0,1849932.267854965,6308733.826838823
381,11/10/2017,0,0,1,Friday,Day,Collision with a non rail vehicle ,The driver of the motor vehicle,No,"At the beginning of the rain, light rain, drizzle, etc.","Bus, trolleybus, tram stop. islet",Passenger car without a trailer,Registered outside of the Czech Republic,No,10000,1843717.5449189432,6305694.51908478
382,11/10/2017,0,0,0,Friday,Day,Collision with a non rail vehicle ,The driver of the motor vehicle,No,Rain,None or none of listed,Passenger car without a trailer,Private company,No,120000,1852900.8632324946,6310038.339226633
383,11/10/2017,0,0,0,Friday,Day,Crash,The driver of the motor vehicle,No,Clear,None or none of listed,Passenger car without a trailer,Registered outside of the Czech Republic,Yes,20000,1848537.8302647981,6307217.551737681
384,11/10/2017,0,0,0,Friday,Night,Collision with a parked vehicle,The driver of the motor vehicle,Not tested,Clear,Parking slot adjacent to the road,"Not identified, the driver has fled",Not identified,No,0,1847278.6313844058,6311526.228196688
385,11/9/2017,0,0,0,Thursday,Night,Collision with a parked vehicle,The driver of the motor vehicle,Not tested,Clear,Parking slot adjacent to the road,"Not identified, the driver has fled",Not identified,No,0,1846508.4702703436,6316158.837120067
386,11/9/2017,0,1,0,Thursday,Day,Collision with pedestrian,The driver of the motor vehicle,Not tested,Clear,None or none of listed,Passenger car without a trailer,"Private, not used for business activity",No,1000,1854707.026312076,6307198.080212855
387,11/8/2017,0,0,1,Wednesday,Day,Collision with a non rail vehicle ,The driver of the motor vehicle,Not tested,Clear,None or none of listed,Passenger car without a trailer,"Private, not used for business activity",No,20000,1844331.1573217856,6309374.643025509
388,11/8/2017,0,0,1,Wednesday,Day,Collision with a fixed obstacle,The driver of the motor vehicle,No,Clear,None or none of listed,Passenger car without a trailer,Private company,No,90000,1857294.2939909042,6309966.784947067
389,11/8/2017,0,0,0,Wednesday,Day,Other collisions,Other,Not tested,Clear,"Bridge, overpass, underpass, tunnel",Passenger car without a trailer,Private company,No,10000,1851261.306023533,6311760.252385068
390,11/8/2017,0,0,0,Wednesday,Day,Collision with a non rail vehicle ,The driver of the motor vehicle,Not tested,Clear,None or none of listed,Truck with semi-trailer,Private company,No,0,1844472.4827586815,6307981.875462146
391,11/8/2017,0,0,0,Wednesday,Day,Collision with wildlife animals,"Forest animals, pets",Not tested,"At the beginning of the rain, light rain, drizzle, etc.",None or none of listed,Passenger car without a trailer,Not identified,No,30000,1859286.7575854112,6312015.6115928665
392,11/8/2017,0,0,0,Wednesday,Night,Collision with a parked vehicle,The driver of the motor vehicle,Under influence of alcohol,Clear,Parking slot adjacent to the road,Passenger car without a trailer,"Private, not used for business activity",No,20000,1850657.129617327,6307386.282536491
393,11/7/2017,0,0,0,Tuesday,Night,Collision with a parked vehicle,The driver of the motor vehicle,No,Clear,None or none of listed,Passenger car without a trailer,Private company,No,20000,1850605.7445403775,6305487.176809843
394,11/7/2017,0,0,0,Tuesday,Night,Collision with a parked vehicle,The driver of the motor vehicle,Not tested,Clear,Parking slot adjacent to the road,"Not identified, the driver has fled",Not identified,No,0,1850082.3411114062,6306049.219466874
395,11/7/2017,0,0,0,Tuesday,Day,Collision with a non rail vehicle ,The driver of the motor vehicle,No,Clear,None or none of listed,Passenger car without a trailer,Private company,No,200000,1849377.8232086324,6309710.631500161
396,11/7/2017,0,0,0,Tuesday,Day,Collision with a parked vehicle,The driver of the motor vehicle,Not tested,Clear,Parking slot adjacent to the road,"Not identified, the driver has fled",Not identified,No,0,1849128.8898954012,6309046.318826137
397,11/7/2017,0,0,0,Tuesday,Night,Collision with wildlife animals,"Forest animals, pets",Not tested,Clear,None or none of listed,Passenger car without a trailer,"Private, not used for business activity",No,50000,1837634.5684889464,6307323.045990115
398,11/7/2017,0,0,0,Tuesday,Day,Collision with a non rail vehicle ,The driver of the motor vehicle,Not tested,Clear,Near the pedestrian crossing,"Not identified, the driver has fled",Not identified,No,0,1848842.3579788846,6306054.713581803
399,11/7/2017,0,0,0,Tuesday,Night,Collision with a fixed obstacle,The driver of the motor vehicle,Not tested,Clear,None or none of listed,"Not identified, the driver has fled",Not identified,No,0,1849293.9398535008,6308059.893600717
400,11/7/2017,0,0,0,Tuesday,Day,Collision with a parked vehicle,The driver of the motor vehicle,Not tested,Clear,None or none of listed,Truck,Private company,No,0,1848090.7026169656,6311437.066636302
401,11/7/2017,0,0,0,Tuesday,Night,Collision with a parked vehicle,The driver of the motor vehicle,Not tested,Clear,Parking slot adjacent to the road,"Not identified, the driver has fled",Not identified,No,0,1842932.3495510472,6313271.723833494
402,11/6/2017,0,0,0,Monday,Day,Collision with a parked vehicle,The driver of the motor vehicle,Not tested,Clear,None or none of listed,Truck with semi-trailer,Private company,No,0,1857658.334329281,6310721.481629837
403,11/6/2017,0,0,0,Monday,Night,Collision with a parked vehicle,The driver of the motor vehicle,Not tested,Clear,None or none of listed,"Not identified, the driver has fled",Not identified,No,0,1847194.9520779003,6306252.854094564
404,11/6/2017,0,0,0,Monday,Night,Collision with a parked vehicle,The driver of the motor vehicle,Not tested,Clear,None or none of listed,Truck,Private company,No,0,1853153.3534260925,6301272.9196238555
405,11/6/2017,0,0,1,Monday,Day,Collision with a non rail vehicle ,The driver of the motor vehicle,No,Clear,None or none of listed,Truck,Private company,No,5000,1849518.3264397697,6307158.238808958
406,11/6/2017,0,0,0,Monday,Day,Collision with a non rail vehicle ,The driver of the motor vehicle,No,Clear,None or none of listed,Passenger car without a trailer,Private company,No,50000,1844688.6347082597,6310262.71006875
407,11/6/2017,0,0,0,Monday,Day,Collision with a non rail vehicle ,The driver of the motor vehicle,No,Clear,"Bridge, overpass, underpass, tunnel",Truck with trailer,Private company,No,30000,1844523.6857169464,6307874.720792954
408,11/6/2017,0,0,0,Monday,Night,Collision with a parked vehicle,The driver of the motor vehicle,Not tested,Clear,Parking slot adjacent to the road,"Not identified, the driver has fled",Not identified,No,0,1848363.433810935,6311444.045354123
409,11/6/2017,0,0,1,Monday,Day,Collision with pedestrian,Pedestrian,Under influence of alcohol,Clear,None or none of listed,Troleybus,Private company,No,0,1847138.3261906425,6307218.283479263
410,11/6/2017,0,0,3,Monday,Day,Collision with a non rail vehicle ,The driver of the motor vehicle,No,Clear,Pedestrian crossing,Passenger car without a trailer,Private company,No,50000,1847823.3193226487,6311589.437163295
411,11/6/2017,0,0,2,Monday,Night,Crash,The driver of the motor vehicle,No,Clear,None or none of listed,Passenger car without a trailer,"Private, not used for business activity",No,45000,1844711.1272566523,6310430.895763074
412,11/5/2017,0,0,0,Sunday,Night,Collision with a parked vehicle,The driver of the motor vehicle,No,Clear,Parking slot adjacent to the road,Passenger car without a trailer,"Private, not used for business activity",No,5000,1846965.8955276713,6307326.4563988075
413,11/5/2017,0,0,1,Sunday,Night,Collision with pedestrian,The driver of the motor vehicle,Under influence of alcohol,Clear,None or none of listed,Passenger car without a trailer,"Private, used for business activity",No,0,1849157.4600427179,6307990.564152641
414,11/5/2017,0,0,1,Sunday,Day,Collision with a non rail vehicle ,The driver of the motor vehicle,Not tested,Clear,None or none of listed,Passenger car without a trailer,"Private, not used for business activity",No,50000,1846551.3409647192,6313420.066259185
415,11/5/2017,0,0,0,Sunday,Night,Collision with a parked vehicle,The driver of the motor vehicle,Not tested,Clear,None or none of listed,"Not identified, the driver has fled",Not identified,No,0,1851254.0997562937,6312586.198412793
416,11/5/2017,0,0,9,Sunday,Night,Collision with a tram,The driver of the motor vehicle,No,Clear,Near the pedestrian crossing,Tram,Public transport,No,500000,1848729.9633644444,6307114.149762125
417,11/4/2017,0,0,0,Saturday,Day,Collision with a parked vehicle,The driver of the motor vehicle,No,Clear,Parking slot adjacent to the road,Bus,Public transport,No,150000,1852975.0621258875,6314810.077972982
418,11/4/2017,0,0,0,Saturday,Day,Other collisions,The driver of the motor vehicle,No,Clear,None or none of listed,Truck with semi-trailer,Private company,No,400000,1857687.7827873742,6296908.92016157
419,11/4/2017,0,0,0,Saturday,Night,Collision with a parked vehicle,The driver of the motor vehicle,Not tested,Clear,None or none of listed,"Not identified, the driver has fled",Not identified,No,0,1850422.3982220911,6311601.443893913
420,11/4/2017,0,0,0,Saturday,Night,Crash,The driver of the motor vehicle,Not tested,Clear,None or none of listed,"Not identified, the driver has fled",Not identified,No,0,1840862.795316728,6312735.546817975
421,11/4/2017,0,0,1,Saturday,Day,Crash,Driver of a non-motorized vehicle,No,Clear,None or none of listed,Bicycle,"Private, not used for business activity",No,2000,1845658.1383061581,6310947.883165923
422,11/4/2017,0,0,0,Saturday,Day,Collision with wildlife animals,"Forest animals, pets",Not tested,Clear,None or none of listed,Passenger car without a trailer,"Private, not used for business activity",No,30000,1836562.2994125693,6312327.143934925
423,11/3/2017,0,0,1,Friday,Night,Collision with a fixed obstacle,The driver of the motor vehicle,Not tested,Clear,None or none of listed,Truck,Private company,Yes,90000,1842836.655197938,6312190.2454518005
424,11/3/2017,0,0,1,Friday,Day,Crash,Driver of a non-motorized vehicle,No,Clear,None or none of listed,Bicycle,"Private, not used for business activity",No,1000,1842916.6813327167,6310945.085094425
425,11/3/2017,0,0,1,Friday,Day,Collision with a parked vehicle,The driver of the motor vehicle,Under influence of drugs,Clear,None or none of listed,Motorbike,Private company,No,80000,1842224.0940963665,6312096.504917709
426,11/3/2017,0,1,0,Friday,Day,Collision with pedestrian,The driver of the motor vehicle,Not tested,Clear,Pedestrian crossing,Truck,Private company,No,0,1851161.9216519431,6309318.851350205
427,11/3/2017,0,0,1,Friday,Day,Collision with a non rail vehicle ,The driver of the motor vehicle,No,Clear,None or none of listed,Passenger car without a trailer,Private company,No,10000,1846730.6075349832,6317682.3793653045
428,11/3/2017,0,0,0,Friday,Day,Collision with a parked vehicle,The driver of the motor vehicle,Not tested,Clear,Parking slot adjacent to the road,"Not identified, the driver has fled",Not identified,No,0,1854913.074793354,6310209.0047477465
429,11/3/2017,0,0,0,Friday,Night,Collision with a parked vehicle,The driver of the motor vehicle,Not tested,Clear,None or none of listed,"Not identified, the driver has fled",Not identified,No,0,1844779.0043161663,6303479.903541137
430,11/3/2017,0,0,0,Friday,Night,Collision with a parked vehicle,The driver of the motor vehicle,Not tested,Clear,None or none of listed,"Not identified, the driver has fled",Not identified,No,0,1844837.0002123995,6303445.848958208
431,11/3/2017,0,0,0,Friday,Day,Collision with a parked vehicle,The driver of the motor vehicle,No,Clear,Parking slot adjacent to the road,Passenger car without a trailer,"Private, not used for business activity",No,10000,1845487.1094895354,6303569.607663207
432,11/3/2017,0,1,0,Friday,Day,Collision with a non rail vehicle ,The driver of the motor vehicle,No,Clear,"Exit from the car park, forest roads, etc.",Truck,Private company,No,60000,1853341.8450425616,6314405.66761722
433,11/3/2017,0,0,0,Friday,Night,Collision with a parked vehicle,The driver of the motor vehicle,Not tested,Clear,Parking slot adjacent to the road,"Not identified, the driver has fled",Not identified,No,0,1846352.954047398,6312961.538196947
434,11/3/2017,0,0,0,Friday,Night,Collision with a parked vehicle,The driver of the motor vehicle,Not tested,Clear,None or none of listed,"Not identified, the driver has fled",Not identified,No,0,1842513.5248837506,6312112.685857401
435,11/2/2017,0,0,1,Thursday,Night,Collision with a parked vehicle,Driver of a non-motorized vehicle,Under influence of alcohol,Clear,Parking slot adjacent to the road,Bicycle,"Private, not used for business activity",No,0,1848416.418437646,6308255.155473321
436,11/2/2017,0,0,0,Thursday,Night,Collision with a parked vehicle,The driver of the motor vehicle,Not tested,Clear,Parking slot adjacent to the road,"Not identified, the driver has fled",Not identified,No,0,1854590.923756723,6310392.026509113
437,11/2/2017,0,0,0,Thursday,Night,Collision with a parked vehicle,The driver of the motor vehicle,Not tested,Clear,Parking slot adjacent to the road,"Not identified, the driver has fled",Not identified,No,0,1853942.7838326967,6296908.204455162
438,11/2/2017,0,0,0,Thursday,Day,Collision with a parked vehicle,The driver of the motor vehicle,No,Clear,None or none of listed,Passenger car without a trailer,Private company,No,200000,1842947.7531629435,6310216.471301601
439,11/2/2017,0,0,0,Thursday,Night,Collision with a parked vehicle,The driver of the motor vehicle,Not tested,Clear,Parking slot adjacent to the road,"Not identified, the driver has fled",Not identified,No,0,1854326.3174384232,6307284.626099276
440,11/2/2017,0,0,0,Thursday,Night,Collision with a parked vehicle,The driver of the motor vehicle,Not tested,Clear,Parking slot adjacent to the road,"Not identified, the driver has fled",Not identified,No,0,1848287.588279634,6307313.462888755
441,11/2/2017,0,1,0,Thursday,Day,Collision with a non rail vehicle ,The driver of the motor vehicle,No,Clear,None or none of listed,Passenger car without a trailer,"Private, not used for business activity",No,90000,1857875.6553561524,6303427.586437982
442,11/2/2017,0,0,0,Thursday,Day,Collision with a non rail vehicle ,The driver of the motor vehicle,No,Clear,"Bridge, overpass, underpass, tunnel",Passenger car without a trailer,"Private, not used for business activity",No,30000,1858164.962022301,6303099.06668871
443,11/2/2017,0,0,0,Thursday,Day,Collision with a fixed obstacle,The driver of the motor vehicle,Not tested,Clear,Parking slot adjacent to the road,Passenger car without a trailer,"Private, not used for business activity",No,0,1847845.052894756,6306150.979026886
444,11/2/2017,0,0,0,Thursday,Day,Collision with a parked vehicle,The driver of the motor vehicle,Not tested,Clear,None or none of listed,"Not identified, the driver has fled",Not identified,No,0,1850132.1337630425,6306973.911894529
445,11/2/2017,0,0,0,Thursday,Night,Collision with a parked vehicle,The driver of the motor vehicle,Not tested,Clear,None or none of listed,"Not identified, the driver has fled",Not identified,No,0,1846607.659164906,6306988.518211326
446,11/2/2017,0,0,0,Thursday,Day,Collision with a non rail vehicle ,The driver of the motor vehicle,No,Clear,None or none of listed,Passenger car without a trailer,"Private, not used for business activity",No,50000,1851287.5380162566,6298325.964580965
447,11/1/2017,0,0,0,Wednesday,Day,Collision with a fixed obstacle,The driver of the motor vehicle,No,Clear,"Bridge, overpass, underpass, tunnel",Truck,Private company,No,20000,1851080.0324741707,6310498.486624801
448,11/1/2017,0,0,0,Wednesday,Night,Collision with a fixed obstacle,The driver of the motor vehicle,No,Clear,None or none of listed,Passenger car without a trailer,"Private, not used for business activity",No,20000,1854997.9618050125,6308861.250238139
449,11/1/2017,0,0,0,Wednesday,Night,Collision with a parked vehicle,The driver of the motor vehicle,Under influence of alcohol,Clear,Parking slot adjacent to the road,Passenger car without a trailer,Private company,No,5000,1837366.7404732718,6316787.382414505
450,11/1/2017,0,0,1,Wednesday,Day,Collision with pedestrian,The driver of the motor vehicle,Not tested,Clear,Pedestrian crossing,"Not identified, the driver has fled",Not identified,No,0,1858422.1925337797,6309111.043703792
451,11/1/2017,0,0,0,Wednesday,Night,Collision with a parked vehicle,The driver of the motor vehicle,Not tested,Clear,Parking slot adjacent to the road,"Not identified, the driver has fled",Not identified,No,0,1856781.9778719041,6309270.770755438
452,11/1/2017,0,0,0,Wednesday,Day,Collision with a non rail vehicle ,The driver of the motor vehicle,Not tested,Clear,None or none of listed,"Not identified, the driver has fled",Not identified,No,0,1847334.6070545223,6306629.408929027
453,10/31/2017,0,0,0,Tuesday,Day,Collision with a parked vehicle,The driver of the motor vehicle,Not tested,Clear,Parking slot adjacent to the road,Truck,Private company,No,0,1850632.7653430107,6307792.2194195
454,10/31/2017,0,0,1,Tuesday,Day,Collision with pedestrian,The driver of the motor vehicle,No,Clear,Pedestrian crossing,Passenger car without a trailer,Private company,No,0,1840335.5050564222,6313533.991703641
455,10/31/2017,0,0,0,Tuesday,Night,Collision with a parked vehicle,The driver of the motor vehicle,Not tested,Clear,None or none of listed,"Not identified, the driver has fled",Not identified,No,0,1855113.6568197103,6309820.15587181
456,10/31/2017,0,0,0,Tuesday,Day,Collision with a tram,The driver of the motor vehicle,No,"At the beginning of the rain, light rain, drizzle, etc.",Pedestrian crossing,Passenger car without a trailer,"Private, not used for business activity",No,70000,1848385.4609325356,6307976.28180085
457,10/31/2017,0,0,0,Tuesday,Day,Collision with a non rail vehicle ,The driver of the motor vehicle,Not tested,Rain,None or none of listed,Passenger car without a trailer,"Private, not used for business activity",No,10000,1847285.2452093156,6309681.74118416
458,10/31/2017,0,0,1,Tuesday,Day,Collision with a non rail vehicle ,The driver of the motor vehicle,No,Rain,None or none of listed,Truck,Private company,No,20000,1849340.7317769367,6302935.590993757
459,10/31/2017,0,0,0,Tuesday,Night,Collision with a parked vehicle,The driver of the motor vehicle,Not tested,Clear,None or none of listed,"Not identified, the driver has fled",Not identified,No,0,1850611.6786484704,6312624.401826625
460,10/31/2017,0,0,0,Tuesday,Night,Collision with a parked vehicle,The driver of the motor vehicle,Not tested,Clear,Parking slot adjacent to the road,"Not identified, the driver has fled",Not identified,No,0,1846187.6270150864,6315560.691211462
461,10/31/2017,0,0,0,Tuesday,Day,Collision with a non rail vehicle ,The driver of the motor vehicle,No,Clear,None or none of listed,Passenger car without a trailer,"Private, not used for business activity",No,0,1849715.2748866312,6307818.146612645
462,10/31/2017,0,0,0,Tuesday,Day,Collision with a non rail vehicle ,The driver of the motor vehicle,No,Clear,None or none of listed,Passenger car without a trailer,"Private, not used for business activity",No,30000,1852298.7756252142,6311079.032307614
463,10/31/2017,0,0,0,Tuesday,Night,Collision with a parked vehicle,The driver of the motor vehicle,Not tested,Clear,Parking slot adjacent to the road,Passenger car without a trailer,Private company,No,0,1845448.3823292407,6319370.349207753
464,10/30/2017,0,0,0,Monday,Night,Collision with a parked vehicle,The driver of the motor vehicle,Not tested,Clear,None or none of listed,"Not identified, the driver has fled",Not identified,No,0,1852437.3063862913,6309352.880776416
465,10/30/2017,0,0,0,Monday,Day,Collision with pedestrian,Pedestrian,Not tested,Clear,Pedestrian crossing,Passenger car without a trailer,"Private, not used for business activity",No,1000,1857036.2699940964,6304179.275431938
466,10/30/2017,0,1,1,Monday,Day,Other collisions,The driver of the motor vehicle,No,Clear,None or none of listed,Passenger car without a trailer,"Private, not used for business activity",No,0,1851049.0287714668,6311991.0258656405
467,10/30/2017,0,0,0,Monday,Day,Collision with a fixed obstacle,The driver of the motor vehicle,No,Clear,"Bridge, overpass, underpass, tunnel",Truck with trailer,Private company,No,0,1844487.2819057442,6307821.401868802
468,10/30/2017,0,0,1,Monday,Day,Collision with pedestrian,Pedestrian,No,Clear,"Bus, trolleybus, tram stop. islet",Tram,Public transport,No,0,1847381.2721850576,6305464.6426011035
469,10/30/2017,0,0,0,Monday,Night,Collision with a parked vehicle,The driver of the motor vehicle,Not tested,Clear,None or none of listed,"Not identified, the driver has fled",Not identified,No,0,1850515.8801003185,6310874.598878606
470,10/30/2017,0,0,0,Monday,Day,Collision with a fixed obstacle,The driver of the motor vehicle,No,Clear,None or none of listed,Truck,Private company,No,0,1842135.1067425762,6310869.79005514
471,10/30/2017,0,0,0,Monday,Night,Collision with a parked vehicle,The driver of the motor vehicle,Not tested,Clear,None or none of listed,Passenger car without a trailer,Private company,No,10000,1849441.6876457757,6308788.5333484495
472,10/30/2017,0,0,0,Monday,Day,Collision with a non rail vehicle ,The driver of the motor vehicle,Not tested,Clear,Near the pedestrian crossing,"Not identified, the driver has fled",Not identified,No,0,1848700.4940896048,6311040.478215156
473,10/30/2017,0,0,0,Monday,Night,Collision with a parked vehicle,The driver of the motor vehicle,Not tested,Clear,None or none of listed,"Not identified, the driver has fled",Not identified,No,0,1849814.5532820667,6310394.756579656
474,10/30/2017,0,0,0,Monday,Night,Collision with a fixed obstacle,The driver of the motor vehicle,Not tested,Clear,Parking slot adjacent to the road,"Not identified, the driver has fled",Not identified,No,0,1852458.5629543818,6309219.81371378
475,10/29/2017,0,0,0,Sunday,Night,Collision with a fixed obstacle,The driver of the motor vehicle,Not tested,Rain,None or none of listed,Passenger car without a trailer,Private company,No,10000,1839560.4087040562,6304751.722056818
476,10/29/2017,0,0,0,Sunday,Day,Collision with a non rail vehicle ,The driver of the motor vehicle,No,Impact wind,None or none of listed,Passenger car without a trailer,"Private, not used for business activity",No,110000,1843051.015905594,6303992.477208091
477,10/29/2017,0,0,0,Sunday,Day,Collision with a fixed obstacle,Other,Not tested,Impact wind,Pedestrian crossing,Passenger car without a trailer,Private company,No,10000,1851013.2023744695,6303226.497877744
478,10/29/2017,0,0,0,Sunday,Day,Collision with a non rail vehicle ,The driver of the motor vehicle,No,Clear,Parking slot adjacent to the road,Passenger car without a trailer,"Private, not used for business activity",No,30000,1850050.1525240503,6311748.537361873
479,10/29/2017,0,0,0,Sunday,Day,Collision with a fixed obstacle,Other,Not tested,Impact wind,None or none of listed,Passenger car without a trailer,"Private, not used for business activity",No,5000,1855714.2132274015,6305756.138321703
480,10/29/2017,0,0,0,Sunday,Day,Collision with a fixed obstacle,Other,Not tested,Clear,Parking slot adjacent to the road,Passenger car without a trailer,Private company,No,15000,1848892.9959907285,6311904.353223943
481,10/29/2017,0,0,0,Sunday,Night,Collision with a parked vehicle,The driver of the motor vehicle,Not tested,Rain,Parking slot adjacent to the road,Passenger car without a trailer,Private company,No,0,1849485.732204189,6307769.264093078
482,10/29/2017,0,0,1,Sunday,Night,Collision with a fixed obstacle,The driver of the motor vehicle,Not tested,Rain,"Exit from the car park, forest roads, etc.",Passenger car without a trailer,"Private, not used for business activity",No,30000,1845194.9482576833,6305024.32636896
483,10/28/2017,0,0,1,Saturday,Day,Collision with a non rail vehicle ,The driver of the motor vehicle,No,Clear,Pedestrian crossing,Passenger car without a trailer,"Private, not used for business activity",No,2000,1846946.647608473,6304239.453317958
484,10/28/2017,0,0,0,Saturday,Day,Crash,The driver of the motor vehicle,No,Clear,None or none of listed,Passenger car without a trailer,"Private, not used for business activity",Yes,60000,1848528.7031797462,6307238.503827243
485,10/28/2017,0,0,0,Saturday,Night,Collision with a parked vehicle,The driver of the motor vehicle,No,Clear,None or none of listed,Bus,Police,No,20000,1846993.621873243,6304431.143554161
486,10/28/2017,0,0,0,Saturday,Day,Collision with a parked vehicle,The driver of the motor vehicle,Not tested,Clear,None or none of listed,Passenger car without a trailer,"Private, not used for business activity",No,0,1849224.245614619,6307829.747663153
487,10/27/2017,0,0,0,Friday,Night,Collision with a parked vehicle,The driver of the motor vehicle,Not tested,Clear,Parking slot adjacent to the road,"Not identified, the driver has fled",Not identified,No,0,1847668.0368706358,6306869.0310907755
488,10/27/2017,0,0,0,Friday,Day,Collision with a fixed obstacle,The driver of the motor vehicle,No,Rain,"Bus stop, trolleybus, tramway without boarding. islet",Truck,"State enterprise, state organization",No,60000,1850667.6312754492,6316574.064560182
489,10/27/2017,0,0,0,Friday,Day,Collision with a non rail vehicle ,The driver of the motor vehicle,No,Clear,None or none of listed,Truck,Private company,No,10000,1847777.7824151493,6299036.714983838
490,10/27/2017,0,0,1,Friday,Day,Collision with a fixed obstacle,The driver of the motor vehicle,No,Clear,"Bridge, overpass, underpass, tunnel",Passenger car without a trailer,"Private, not used for business activity",Yes,10000,1848321.6060688687,6312220.021585833
491,10/27/2017,0,0,0,Friday,Night,Collision with a parked vehicle,The driver of the motor vehicle,Not tested,Clear,Parking slot adjacent to the road,"Not identified, the driver has fled",Not identified,No,0,1849454.2717576164,6302753.246584476
492,10/27/2017,0,0,1,Friday,Day,Collision with a non rail vehicle ,The driver of the motor vehicle,No,Clear,None or none of listed,Other motor vehicle,Private company,No,1000,1846604.2605808515,6317693.6401338475
493,10/27/2017,0,0,1,Friday,Day,Collision with a parked vehicle,The driver of the motor vehicle,No,Clear,Parking slot adjacent to the road,Motorbike,"Private, not used for business activity",Yes,20000,1845628.5269876511,6310942.942065392
494,10/27/2017,0,0,0,Friday,Day,Collision with a non rail vehicle ,The driver of the motor vehicle,No,Clear,None or none of listed,Passenger car without a trailer,Registered outside of the Czech Republic,No,20000,1848399.931909742,6307942.551950314
495,10/27/2017,0,1,0,Friday,Day,Collision with pedestrian,The driver of the motor vehicle,No,"At the beginning of the rain, light rain, drizzle, etc.",Pedestrian crossing,Passenger car without a trailer,"Private, not used for business activity",No,15000,1844363.4308459135,6302955.520506439
496,10/27/2017,0,0,0,Friday,Night,Collision with a fixed obstacle,The driver of the motor vehicle,No,Clear,Parking slot adjacent to the road,Truck,Private company,No,0,1848531.5373739838,6308672.54392184
497,10/27/2017,0,0,0,Friday,Night,Collision with a parked vehicle,The driver of the motor vehicle,Not tested,Clear,None or none of listed,Passenger car without a trailer,Private company,No,10000,1846434.0606491496,6317905.812821366