OBJECTID,Date,Dead,Serious injuries,Light injuries,Day of the week,Day/Night,Type of the accident,Cause of the accident,Alcohol or drugs,Weather conditions,Place,Vehicle type,Vehicle characteristic,Skid,Total damage in Czk,x,y
747,9/29/2017,0,0,0,Friday,Day,Collision with a fixed obstacle,The driver of the motor vehicle,No,Clear,None or none of listed,Truck,Private company,No,1000,1844016.183164043,6304820.528662012
748,9/29/2017,0,0,0,Friday,Day,Collision with a non rail vehicle ,The driver of the motor vehicle,No,Clear,None or none of listed,Bus,Public transport - city- local ,No,30000,1859146.7981499874,6298789.72362293
749,9/29/2017,0,0,1,Friday,Day,Collision with a non rail vehicle ,The driver of the motor vehicle,No,Clear,None or none of listed,Passenger car without a trailer,"Private, not used for business activity",No,20000,1845664.5445202175,6318833.873268479
750,9/29/2017,0,0,1,Friday,Day,Collision with pedestrian,The driver of the motor vehicle,Not tested,Clear,Parking slot adjacent to the road,Passenger car without a trailer,Private company,No,0,1849482.9258398209,6307128.089653901
751,9/29/2017,0,0,1,Friday,Day,Collision with a non rail vehicle ,The driver of the motor vehicle,No,Clear,None or none of listed,Passenger car without a trailer,"Private, not used for business activity",No,20000,1837467.853525234,6311580.098190277
752,9/29/2017,0,0,0,Friday,Day,Collision with a fixed obstacle,The driver of the motor vehicle,Not tested,Clear,Gas station,Passenger car without a trailer,Private company,No,0,1848451.4821848157,6311299.01170719
753,9/29/2017,0,0,0,Friday,Night,Collision with a fixed obstacle,The driver of the motor vehicle,Not tested,Clear,Parking slot adjacent to the road,"Not identified, the driver has fled",Not identified,No,0,1851037.9776403399,6308049.949716575
754,9/28/2017,0,0,0,Thursday,Day,Collision with a non rail vehicle ,The driver of the motor vehicle,Under influence of alcohol,Clear,None or none of listed,Passenger car without a trailer,"Private, not used for business activity",No,5000,1848271.953345833,6312105.318687487
755,9/28/2017,0,0,0,Thursday,Day,Collision with a non rail vehicle ,The driver of the motor vehicle,No,Clear,"Bridge, overpass, underpass, tunnel",Truck,Private company,No,20000,1852192.690154239,6311140.21600116
756,9/27/2017,0,0,0,Wednesday,Day,Collision with a parked vehicle,The driver of the motor vehicle,No,Clear,Parking slot adjacent to the road,Passenger car without a trailer,Registered outside of the Czech Republic,No,20000,1850224.039579919,6308850.348814814
757,9/27/2017,0,0,0,Wednesday,Day,Collision with a non rail vehicle ,The driver of the motor vehicle,Not tested,Clear,None or none of listed,Passenger car without a trailer,"Private, not used for business activity",No,0,1853140.8493529733,6301453.919494066
758,9/27/2017,0,0,0,Wednesday,Night,Collision with a fixed obstacle,The driver of the motor vehicle,Not tested,Clear,None or none of listed,"Not identified, the driver has fled",Not identified,No,0,1850205.511563873,6313632.163337883
759,9/27/2017,0,0,0,Wednesday,Day,Collision with a non rail vehicle ,The driver of the motor vehicle,Not tested,Clear,Near the pedestrian crossing,"Not identified, the driver has fled",Not identified,No,0,1850571.716175789,6309579.389335172
760,9/27/2017,0,0,0,Wednesday,Day,Collision with a non rail vehicle ,The driver of the motor vehicle,Not tested,Clear,Pedestrian crossing,Passenger car without a trailer,"Private, not used for business activity",No,2100,1855728.7856166612,6309207.598264967
761,9/27/2017,0,0,0,Wednesday,Day,Collision with a fixed obstacle,The driver of the motor vehicle,No,Clear,Parking slot adjacent to the road,Truck,Private company,No,0,1849809.0333937975,6302402.697785379
762,9/26/2017,0,0,0,Tuesday,Night,Collision with wildlife animals,"Forest animals, pets",Not tested,Clear,"Bus stop, trolleybus, tramway without boarding. islet",Bus,Public transport,No,10000,1844613.9681616894,6320302.6681654975
763,9/26/2017,0,0,0,Tuesday,Night,Collision with a parked vehicle,The driver of the motor vehicle,Not tested,Clear,Parking slot adjacent to the road,"Not identified, the driver has fled",Not identified,No,0,1838748.9266855624,6311932.501628635
764,9/26/2017,0,0,2,Tuesday,Day,Collision with a non rail vehicle ,The driver of the motor vehicle,No,"At the beginning of the rain, light rain, drizzle, etc.",None or none of listed,Passenger car without a trailer,Registered outside of the Czech Republic,No,100000,1844857.18677754,6310687.011982002
765,9/26/2017,0,0,0,Tuesday,Day,Collision with a non rail vehicle ,The driver of the motor vehicle,No,Clear,"Bridge, overpass, underpass, tunnel",Truck,Private company,No,50000,1844844.3847021381,6310658.553861154
766,9/26/2017,0,0,0,Tuesday,Night,Collision with a parked vehicle,The driver of the motor vehicle,Not tested,Clear,Parking slot adjacent to the road,"Not identified, the driver has fled",Not identified,No,0,1847721.0173785312,6308537.131728187
767,9/26/2017,0,0,1,Tuesday,Day,Crash,The driver of the motor vehicle,No,Clear,None or none of listed,Motorbike,The Municipal Police,No,30000,1841915.3874485958,6305387.523114811
768,9/26/2017,0,0,1,Tuesday,Day,Crash,The driver of the motor vehicle,No,Clear,None or none of listed,Motorbike,The Municipal Police,Yes,20000,1841893.1228825205,6305379.348499819
769,9/26/2017,0,0,1,Tuesday,Day,Collision with a non rail vehicle ,The driver of the motor vehicle,No,Clear,Pedestrian crossing,Passenger car without a trailer,Private company,No,30000,1846909.252163255,6313968.111833096
770,9/26/2017,0,0,0,Tuesday,Day,Collision with a parked vehicle,The driver of the motor vehicle,Under influence of alcohol,Clear,Parking slot adjacent to the road,Passenger car without a trailer,"Private, not used for business activity",No,10000,1858686.74731115,6308911.036235954
771,9/26/2017,0,0,1,Tuesday,Day,Collision with a non rail vehicle ,The driver of the motor vehicle,No,Clear,None or none of listed,Truck,Private company,No,20000,1847352.7538013137,6307978.534800497
772,9/26/2017,0,0,0,Tuesday,Day,Collision with a fixed obstacle,The driver of the motor vehicle,No,Clear,None or none of listed,Passenger car without a trailer,"Private, not used for business activity",No,10000,1843790.009120712,6311738.87867058
773,9/26/2017,0,0,0,Tuesday,Night,Collision with a fixed obstacle,The driver of the motor vehicle,Not tested,Clear,Parking slot adjacent to the road,"Not identified, the driver has fled",Not identified,No,0,1840526.8415537947,6306735.965946771
774,9/26/2017,0,0,0,Tuesday,Night,Collision with a fixed obstacle,The driver of the motor vehicle,Not tested,Clear,None or none of listed,Passenger car without a trailer,Private company,No,10000,1847880.810496308,6300639.74554355
775,9/26/2017,0,0,0,Tuesday,Night,Collision with a parked vehicle,The driver of the motor vehicle,Not tested,Clear,Parking slot adjacent to the road,"Not identified, the driver has fled",Not identified,No,0,1847950.6897481817,6309110.081799441
776,9/25/2017,0,0,0,Monday,Night,Collision with a parked vehicle,The driver of the motor vehicle,No,Clear,None or none of listed,Passenger car without a trailer,Police,No,10000,1850282.9331565246,6305900.015934372
777,9/25/2017,0,0,0,Monday,Day,Collision with a non rail vehicle ,The driver of the motor vehicle,No,Clear,Pedestrian crossing,Passenger car without a trailer,Private company,No,90000,1846703.317005216,6311053.843170826
778,9/25/2017,0,0,0,Monday,Night,Collision with a parked vehicle,The driver of the motor vehicle,Not tested,Clear,Parking slot adjacent to the road,"Not identified, the driver has fled",Not identified,No,0,1850529.1445968864,6308252.52438899
779,9/25/2017,0,0,3,Monday,Day,Collision with a non rail vehicle ,The driver of the motor vehicle,No,Clear,Gas station,Passenger car without a trailer,"Private, not used for business activity",No,50000,1850865.708724587,6312636.323960174
780,9/25/2017,0,0,0,Monday,Day,Collision with a fixed obstacle,The driver of the motor vehicle,No,Clear,None or none of listed,Truck,"Private, not used for business activity",No,0,1848920.27182632,6308877.655638475
781,9/25/2017,0,0,1,Monday,Day,Collision with a non rail vehicle ,The driver of the motor vehicle,Under influence of alcohol,Clear,None or none of listed,Truck,"Private, not used for business activity",No,50000,1853263.8588374502,6306482.568478185
782,9/25/2017,0,0,0,Monday,Night,Collision with a parked vehicle,The driver of the motor vehicle,Not tested,"At the beginning of the rain, light rain, drizzle, etc.",Parking slot adjacent to the road,"Not identified, the driver has fled",Not identified,No,0,1847723.4700808711,6308609.196017402
783,9/25/2017,0,0,0,Monday,Night,Collision with a parked vehicle,The driver of the motor vehicle,Not tested,Clear,None or none of listed,"Not identified, the driver has fled",Not identified,No,0,1846189.4705771792,6314205.781580948
784,9/25/2017,0,0,0,Monday,Night,Collision with a fixed obstacle,The driver of the motor vehicle,Not tested,"At the beginning of the rain, light rain, drizzle, etc.",Parking slot adjacent to the road,"Not identified, the driver has fled",Not identified,No,0,1853922.8977188612,6307327.566970711
785,9/25/2017,0,0,1,Monday,Day,Collision with pedestrian,The driver of the motor vehicle,Not tested,Clear,Pedestrian crossing,Passenger car without a trailer,"Private, not used for business activity",No,0,1847369.851361901,6306706.932539603
786,9/25/2017,0,0,0,Monday,Night,Collision with a parked vehicle,The driver of the motor vehicle,Not tested,Clear,Parking slot adjacent to the road,"Not identified, the driver has fled",Not identified,No,0,1850785.108069918,6306312.505023341
787,9/24/2017,0,0,1,Sunday,Night,Collision with a non rail vehicle ,The driver of the motor vehicle,No,Clear,None or none of listed,Passenger car without a trailer,"Private, not used for business activity",No,10000,1849637.3422261984,6308210.180994394
788,9/24/2017,0,0,0,Sunday,Day,Collision with a parked vehicle,The driver of the motor vehicle,No,Clear,Parking slot adjacent to the road,Passenger car without a trailer,"Private, not used for business activity",No,30000,1845893.9075330035,6313934.565099929
789,9/24/2017,0,0,2,Sunday,Day,Collision with a non rail vehicle ,The driver of the motor vehicle,No,"At the beginning of the rain, light rain, drizzle, etc.",Parking slot adjacent to the road,Passenger car without a trailer,"Private, not used for business activity",No,30000,1842774.5930233505,6312808.601687806
790,9/24/2017,0,0,0,Sunday,Day,Collision with a non rail vehicle ,The driver of the motor vehicle,No,Clear,"Bus stop, trolleybus, tramway without boarding. islet",Truck,"Private, not used for business activity",No,60000,1852680.421363697,6309187.262620548
791,9/24/2017,0,0,0,Sunday,Night,Collision with a parked vehicle,The driver of the motor vehicle,Not tested,Clear,None or none of listed,"Not identified, the driver has fled",Not identified,No,0,1845076.4217204126,6308920.730017862
792,9/24/2017,0,0,0,Sunday,Night,Collision with a parked vehicle,The driver of the motor vehicle,Not tested,Clear,None or none of listed,Passenger car without a trailer,Private company,No,0,1842524.6994681903,6313300.206636564
793,9/23/2017,0,0,1,Saturday,Day,Collision with a non rail vehicle ,The driver of the motor vehicle,No,Clear,None or none of listed,Passenger car without a trailer,Private company,No,70000,1850500.223236576,6312724.342446808
794,9/23/2017,0,0,0,Saturday,Day,Collision with a fixed obstacle,The driver of the motor vehicle,No,Clear,"Bridge, overpass, underpass, tunnel",Passenger car without a trailer,"Private, not used for business activity",Yes,1000000,1844214.0703681707,6306861.706827463
795,9/23/2017,0,0,1,Saturday,Day,Collision with a fixed obstacle,The driver of the motor vehicle,No,Clear,"Bridge, overpass, underpass, tunnel",Passenger car without a trailer,Private company,Yes,300000,1851635.5499064368,6311459.605235028
796,9/22/2017,0,0,0,Friday,Night,Collision with a parked vehicle,The driver of the motor vehicle,Not tested,Clear,Parking slot adjacent to the road,Truck,"Private, not used for business activity",No,5000,1854630.5631802413,6310679.159564261
797,9/22/2017,0,0,1,Friday,Day,Other collisions,The driver of the motor vehicle,Not tested,Clear,Near the pedestrian crossing,"Not identified, the driver has fled",Not identified,No,0,1847126.609035003,6309517.323176291
798,9/22/2017,0,0,0,Friday,Night,Collision with a parked vehicle,The driver of the motor vehicle,No,Clear,None or none of listed,Passenger car without a trailer,Private company,No,40000,1857812.6353886644,6310336.5153802615
799,9/22/2017,0,0,0,Friday,Night,Collision with a parked vehicle,The driver of the motor vehicle,Not tested,Clear,Parking slot adjacent to the road,Passenger car without a trailer,"Private, not used for business activity",No,0,1849355.0220826094,6307155.688633041
800,9/21/2017,0,0,0,Thursday,Day,Collision with wildlife animals,"Forest animals, pets",Not tested,Clear,None or none of listed,Passenger car without a trailer,"Private, not used for business activity",No,10000,1835909.1438775684,6311030.545637994
801,9/21/2017,0,0,0,Thursday,Night,Collision with a parked vehicle,The driver of the motor vehicle,Not tested,Clear,Parking slot adjacent to the road,"Not identified, the driver has fled",Not identified,No,0,1848391.5855082816,6308023.46971491
802,9/21/2017,0,0,0,Thursday,Day,Crash,The driver of the motor vehicle,No,Clear,None or none of listed,Truck,"Private, not used for business activity",No,0,1858785.973052466,6310030.287548645
803,9/21/2017,0,0,0,Thursday,Day,Collision with wildlife animals,"Forest animals, pets",Not tested,Clear,None or none of listed,Passenger car without a trailer,"Private, not used for business activity",No,20000,1849136.3411768368,6299579.37344902
804,9/21/2017,0,0,0,Thursday,Night,Collision with a parked vehicle,The driver of the motor vehicle,Not tested,Clear,None or none of listed,Passenger car without a trailer,"Private, not used for business activity",No,5000,1847858.3956489207,6311890.927099463
805,9/21/2017,0,0,0,Thursday,Night,Collision with a parked vehicle,The driver of the motor vehicle,Not tested,Clear,None or none of listed,"Not identified, the driver has fled",Not identified,No,0,1847200.9635530435,6309359.715675838
806,9/21/2017,0,0,0,Thursday,Day,Collision with a parked vehicle,The driver of the motor vehicle,Not tested,Clear,Parking slot adjacent to the road,Passenger car without a trailer,"Private, not used for business activity",No,0,1855468.8757563643,6309774.648771027
807,9/21/2017,0,0,0,Thursday,Night,Collision with wildlife animals,"Forest animals, pets",Not tested,"At the beginning of the rain, light rain, drizzle, etc.",None or none of listed,Passenger car without a trailer,Private company,No,20000,1853970.1746613213,6315647.708392546
808,9/21/2017,0,0,0,Thursday,Night,Other collisions,Road defect,Not tested,"At the beginning of the rain, light rain, drizzle, etc.",Pedestrian crossing,Passenger car without a trailer,"Private, not used for business activity",No,10000,1848561.596419481,6308768.631776302
809,9/20/2017,0,0,0,Wednesday,Day,Collision with a fixed obstacle,The driver of the motor vehicle,No,Clear,Gas station,Truck,Private company,No,0,1851184.8867515756,6300966.429810633
810,9/20/2017,0,0,0,Wednesday,Night,Collision with a parked vehicle,The driver of the motor vehicle,Not tested,Rain,Parking slot adjacent to the road,"Not identified, the driver has fled",Not identified,No,0,1845183.287095744,6311955.617936165
811,9/20/2017,0,0,0,Wednesday,Night,Crash,The driver of the motor vehicle,No,Rain,None or none of listed,Bus,Public transport,No,150000,1849917.834058474,6306672.262494133
812,9/20/2017,0,0,0,Wednesday,Day,Collision with a parked vehicle,The driver of the motor vehicle,No,"At the beginning of the rain, light rain, drizzle, etc.",Parking slot adjacent to the road,Truck,Private company,No,5000,1850693.727235757,6309740.401937735
813,9/20/2017,0,0,0,Wednesday,Day,Collision with a non rail vehicle ,The driver of the motor vehicle,No,Clear,"Bridge, overpass, underpass, tunnel",Passenger car without a trailer,"Private, not used for business activity",Yes,40000,1846400.781798701,6311897.114907512
814,9/20/2017,0,0,0,Wednesday,Night,Collision with a parked vehicle,The driver of the motor vehicle,Not tested,Clear,None or none of listed,"Not identified, the driver has fled",Not identified,No,0,1849881.6057981062,6302192.957414505
815,9/20/2017,0,0,1,Wednesday,Day,Collision with a non rail vehicle ,The driver of the motor vehicle,No,Clear,None or none of listed,Passenger car without a trailer,"Private, not used for business activity",No,20000,1858639.3887714993,6307581.037885298
816,9/20/2017,0,0,0,Wednesday,Day,Collision with a parked vehicle,The driver of the motor vehicle,Not tested,Clear,Parking slot adjacent to the road,Passenger car without a trailer,"Private, not used for business activity",No,0,1838864.1576093007,6312354.16138376
817,9/20/2017,0,0,0,Wednesday,Day,Collision with a parked vehicle,The driver of the motor vehicle,Not tested,Clear,None or none of listed,Passenger car without a trailer,"Private, not used for business activity",No,0,1848063.6827048787,6309239.395882367
818,9/19/2017,0,0,0,Tuesday,Day,Collision with a fixed obstacle,The driver of the motor vehicle,No,Clear,Parking slot adjacent to the road,Other motor vehicle,Private company,No,5000,1848795.1009626116,6307538.296549984
819,9/19/2017,0,0,0,Tuesday,Night,Collision with a fixed obstacle,The driver of the motor vehicle,Not tested,Clear,None or none of listed,"Not identified, the driver has fled",Not identified,No,0,1857215.7390545176,6304807.448424803
820,9/19/2017,0,0,0,Tuesday,Day,Collision with a parked vehicle,The driver of the motor vehicle,Not tested,Clear,None or none of listed,Truck,Private company,No,1000,1848784.7090655044,6308946.871426307
821,9/19/2017,0,0,0,Tuesday,Day,Collision with a non rail vehicle ,The driver of the motor vehicle,No,Clear,None or none of listed,Passenger car without a trailer,Private company,No,40000,1849692.4251139928,6307030.990707225
822,9/19/2017,0,0,0,Tuesday,Night,Collision with a parked vehicle,The driver of the motor vehicle,Not tested,Clear,Parking slot adjacent to the road,"Not identified, the driver has fled",Not identified,No,0,1837518.1889707,6312125.649106168
823,9/19/2017,0,0,0,Tuesday,Day,Other collisions,The driver of the motor vehicle,Not tested,Clear,Parking slot adjacent to the road,Passenger car without a trailer,"Private, not used for business activity",No,0,1843982.4531356986,6304840.793831955
824,9/19/2017,0,0,0,Tuesday,Night,Collision with a parked vehicle,The driver of the motor vehicle,Not tested,Clear,Parking slot adjacent to the road,"Not identified, the driver has fled",Not identified,No,0,1845746.964246685,6316943.115891065
825,9/18/2017,0,0,1,Monday,Day,Collision with a non rail vehicle ,The driver of the motor vehicle,No,Clear,Near the pedestrian crossing,Passenger car without a trailer,"Private, not used for business activity",No,30000,1850628.167291447,6309934.310367506
826,9/18/2017,0,0,1,Monday,Day,Collision with a non rail vehicle ,The driver of the motor vehicle,No,Clear,None or none of listed,Truck with trailer,Private company,No,40000,1844490.5129539648,6307901.126567908
827,9/18/2017,0,0,0,Monday,Night,Collision with a parked vehicle,The driver of the motor vehicle,Not tested,Clear,None or none of listed,"Not identified, the driver has fled",Not identified,No,0,1844799.0891352922,6310996.481828587
828,9/18/2017,0,0,0,Monday,Day,Collision with a non rail vehicle ,The driver of the motor vehicle,No,Clear,Near the pedestrian crossing,Passenger car without a trailer,"Private, used for business activity",No,120000,1849683.5605203023,6308153.746974212
829,9/18/2017,0,0,0,Monday,Night,Collision with a parked vehicle,The driver of the motor vehicle,Not tested,Clear,None or none of listed,"Not identified, the driver has fled",Not identified,No,0,1843873.3588102043,6304788.689647873
830,9/18/2017,0,0,0,Monday,Night,Collision with a parked vehicle,The driver of the motor vehicle,Not tested,Clear,Parking slot adjacent to the road,Truck,Private company,No,20000,1844060.989259088,6303318.86051384
831,9/18/2017,0,0,0,Monday,Day,Collision with a parked vehicle,The driver of the motor vehicle,Not tested,Clear,Parking slot adjacent to the road,Passenger car without a trailer,Private company,No,0,1847433.7622192746,6313256.560828435
832,9/17/2017,0,0,0,Sunday,Day,Collision with a fixed obstacle,The driver of the motor vehicle,No,"At the beginning of the rain, light rain, drizzle, etc.",None or none of listed,Passenger car without a trailer,"Private, not used for business activity",Yes,70000,1857896.2801861318,6303029.431755335
833,9/17/2017,0,0,0,Sunday,Day,Collision with a fixed obstacle,The driver of the motor vehicle,No,"At the beginning of the rain, light rain, drizzle, etc.",None or none of listed,Passenger car without a trailer,"Private, not used for business activity",Yes,20000,1850546.57155185,6306875.955439705
834,9/17/2017,0,0,0,Sunday,Day,Collision with a fixed obstacle,The driver of the motor vehicle,No,Rain,None or none of listed,Passenger car without a trailer,"Private, not used for business activity",Yes,30000,1844715.134424362,6310412.833478991
835,9/17/2017,0,0,0,Sunday,Day,Collision with a fixed obstacle,The driver of the motor vehicle,No,Clear,None or none of listed,Passenger car without a trailer,"Private, not used for business activity",No,0,1844090.5459197273,6304903.288047925
836,9/17/2017,0,0,1,Sunday,Day,Collision with a non rail vehicle ,The driver of the motor vehicle,No,Rain,None or none of listed,Passenger car without a trailer,"Private, not used for business activity",No,30000,1847622.8997114268,6304194.77116331
837,9/17/2017,0,0,0,Sunday,Day,Collision with a fixed obstacle,The driver of the motor vehicle,No,Clear,Pedestrian crossing,Passenger car without a trailer,"Private, not used for business activity",No,30000,1840409.6436146565,6313370.319742238
838,9/17/2017,0,0,0,Sunday,Day,Collision with a fixed obstacle,The driver of the motor vehicle,No,Clear,None or none of listed,Passenger car without a trailer,"Private, not used for business activity",Yes,3000,1850579.8498457067,6306709.029356531
839,9/17/2017,0,0,1,Sunday,Night,Collision with a non rail vehicle ,The driver of the motor vehicle,No,Clear,None or none of listed,Truck,Ministry of Defence,No,40000,1852378.9236548305,6311015.804336134
840,9/17/2017,0,0,0,Sunday,Night,Collision with a non rail vehicle ,The driver of the motor vehicle,Not tested,Clear,None or none of listed,Passenger car without a trailer,"Private, not used for business activity",Yes,0,1840819.825548003,6312701.288967803
841,9/16/2017,0,0,0,Saturday,Night,Collision with a fixed obstacle,The driver of the motor vehicle,Under influence of alcohol,Clear,Parking slot adjacent to the road,Passenger car without a trailer,"Private, not used for business activity",No,20000,1853183.863983447,6307711.722232769
842,9/16/2017,0,0,0,Saturday,Night,Collision with a fixed obstacle,The driver of the motor vehicle,Not tested,Clear,"Bus, trolleybus, tram stop. islet",Passenger car without a trailer,Private company,No,200000,1850628.933169544,6309544.969680446
843,9/16/2017,0,0,0,Saturday,Night,Collision with a non rail vehicle ,The driver of the motor vehicle,No,Clear,Pedestrian crossing,Passenger car without a trailer,"Private, not used for business activity",No,40000,1850105.7416928879,6306683.838633376
844,9/16/2017,0,0,1,Saturday,Day,Crash,The driver of the motor vehicle,No,"At the beginning of the rain, light rain, drizzle, etc.",None or none of listed,Moped,"Private, not used for business activity",Yes,2000,1851716.900520513,6310808.095070292
845,9/16/2017,0,0,0,Saturday,Night,Collision with a non rail vehicle ,The driver of the motor vehicle,No,"At the beginning of the rain, light rain, drizzle, etc.",None or none of listed,Passenger car without a trailer,"Private, not used for business activity",No,5000,1849269.7130587571,6309193.179086729
846,9/15/2017,0,0,0,Friday,Day,Collision with a fixed obstacle,The driver of the motor vehicle,No,Clear,Gas station,Passenger car without a trailer,"Private, not used for business activity",No,10000,1851164.737589781,6300978.686935741
847,9/15/2017,0,0,0,Friday,Day,Other collisions,The driver of the motor vehicle,No,Clear,None or none of listed,"Not identified, the driver has fled",Not identified,No,0,1842709.696765843,6311918.8048228435
848,9/15/2017,0,0,0,Friday,Day,Collision with a non rail vehicle ,The driver of the motor vehicle,Not tested,Clear,Near the pedestrian crossing,"Not identified, the driver has fled",Not identified,No,0,1850824.067776625,6309327.893070552
849,9/15/2017,0,0,1,Friday,Day,Collision with a non rail vehicle ,The driver of the motor vehicle,No,Clear,None or none of listed,Passenger car without a trailer,"Private, not used for business activity",No,20000,1843288.1412264737,6304415.61163064
850,9/15/2017,0,0,1,Friday,Day,Crash,The driver of the motor vehicle,No,Clear,None or none of listed,Truck with semi-trailer,Private company,Yes,1500000,1857857.1088610701,6303400.598276333
851,9/15/2017,0,0,1,Friday,Day,Collision with a non rail vehicle ,The driver of the motor vehicle,No,Clear,None or none of listed,Truck,"Private, not used for business activity",No,1000,1854042.8304439327,6308237.467856534
852,9/15/2017,0,0,0,Friday,Night,Collision with a parked vehicle,The driver of the motor vehicle,Not tested,Clear,None or none of listed,"Not identified, the driver has fled",Not identified,No,0,1848674.0971213942,6307588.052587645
853,9/15/2017,0,0,0,Friday,Night,Collision with a parked vehicle,The driver of the motor vehicle,Not tested,Clear,Parking slot adjacent to the road,"Not identified, the driver has fled",Not identified,No,0,1849508.4007486955,6306616.410362219
854,9/14/2017,0,0,0,Thursday,Night,Collision with a non rail vehicle ,The driver of the motor vehicle,No,Clear,None or none of listed,Passenger car without a trailer,"Private, not used for business activity",Yes,30000,1846714.448397701,6317191.894556915
855,9/14/2017,0,0,0,Thursday,Day,Collision with a non rail vehicle ,The driver of the motor vehicle,Not tested,Clear,"Bus, trolleybus, tram stop. islet",Passenger car without a trailer,"Private, not used for business activity",No,0,1851160.5843708997,6309307.605692123
856,9/14/2017,0,0,1,Thursday,Day,Collision with a non rail vehicle ,The driver of the motor vehicle,Not tested,Clear,Pedestrian crossing,"Not identified, the driver has fled",Not identified,No,0,1847453.8936812675,6306611.375230479
857,9/14/2017,0,0,0,Thursday,Day,Collision with a parked vehicle,The driver of the motor vehicle,No,Clear,Parking slot adjacent to the road,Passenger car without a trailer,"Private, not used for business activity",No,5000,1838855.252495314,6312355.354768186
858,9/14/2017,0,0,0,Thursday,Day,Collision with a non rail vehicle ,The driver of the motor vehicle,No,Clear,Near the pedestrian crossing,Truck,Private company,No,5000,1849885.6869932793,6306606.687721914
859,9/14/2017,0,0,0,Thursday,Day,Collision with a non rail vehicle ,The driver of the motor vehicle,Under influence of alcohol,Clear,"Bus stop, trolleybus, tramway without boarding. islet",Passenger car without a trailer,"Private, not used for business activity",No,10000,1843759.9615411148,6305797.043446768
860,9/14/2017,0,0,1,Thursday,Day,Crash,The driver of the motor vehicle,No,Clear,None or none of listed,Motorbike,"Private, not used for business activity",Yes,50000,1834475.9379388934,6318030.92136486
861,9/14/2017,0,0,1,Thursday,Day,Collision with pedestrian,Pedestrian,Not tested,Clear,"Bus, trolleybus, tram stop. islet",Tram,Public transport,No,0,1845880.7775103822,6309233.60034761
862,9/14/2017,0,0,0,Thursday,Day,Other collisions,Other,Not tested,Impact wind,Gas station,Passenger car without a trailer,"Private, not used for business activity",No,20000,1840880.277597482,6312844.63498546
863,9/14/2017,0,0,0,Thursday,Day,Collision with a non rail vehicle ,The driver of the motor vehicle,No,Clear,"Bridge, overpass, underpass, tunnel",Passenger car without a trailer,Private company,No,110000,1858158.4424850026,6306288.734015029
864,9/14/2017,0,0,0,Thursday,Night,Collision with a fixed obstacle,The driver of the motor vehicle,Not tested,"At the beginning of the rain, light rain, drizzle, etc.",Pedestrian crossing,Passenger car without a trailer,"Private, not used for business activity",No,15000,1851072.9835013729,6303309.753051364
865,9/14/2017,0,1,0,Thursday,Night,Collision with pedestrian,The driver of the motor vehicle,No,Rain,Pedestrian crossing,Truck,Private company,No,20000,1849433.4403186643,6308550.699016593
866,9/14/2017,0,0,0,Thursday,Night,Collision with a parked vehicle,The driver of the motor vehicle,Not tested,Clear,None or none of listed,"Not identified, the driver has fled",Not identified,No,0,1849534.7491816091,6308776.604052311
867,9/13/2017,0,0,0,Wednesday,Day,Collision with a fixed obstacle,The driver of the motor vehicle,Not tested,Clear,Pedestrian crossing,"Not identified, the driver has fled",Not identified,No,0,1851960.371052371,6311232.2502933955
868,9/13/2017,0,0,0,Wednesday,Day,Collision with a non rail vehicle ,The driver of the motor vehicle,No,Clear,None or none of listed,Passenger car without a trailer,Private company,No,25000,1854728.599918071,6306586.925172212
869,9/13/2017,0,0,0,Wednesday,Night,Collision with a parked vehicle,The driver of the motor vehicle,Not tested,Clear,None or none of listed,"Not identified, the driver has fled",Not identified,No,0,1842575.7098437354,6304735.604798444
870,9/12/2017,0,0,1,Tuesday,Night,Collision with pedestrian,The driver of the motor vehicle,No,Clear,Pedestrian crossing,Motorbike,"Private, not used for business activity",No,10000,1848215.5083527456,6307040.932196714