OBJECTID,Date,Dead,Serious injuries,Light injuries,Day of the week,Day/Night,Type of the accident,Cause of the accident,Alcohol or drugs,Weather conditions,Place,Vehicle type,Vehicle characteristic,Skid,Total damage in Czk,x,y
998,8/24/2017,0,0,1,Thursday,Night,Collision with pedestrian,Pedestrian,No,Other dificult,None or none of listed,Truck,Private company,No,0,1857003.9787701669,6304819.917177712
999,8/23/2017,0,0,0,Wednesday,Day,Collision with a fixed obstacle,The driver of the motor vehicle,No,Clear,None or none of listed,Truck with semi-trailer,Private company,No,300000,1851229.402414065,6300649.32633679
1000,8/23/2017,0,0,0,Wednesday,Day,Collision with a fixed obstacle,The driver of the motor vehicle,No,Clear,"Bus, trolleybus, tram stop. islet",Truck,Private company,No,10000,1848690.7216854685,6311716.886038011
1001,8/23/2017,0,0,1,Wednesday,Day,Collision with a non rail vehicle ,The driver of the motor vehicle,No,Clear,Pedestrian crossing,Passenger car without a trailer,"Private, not used for business activity",No,50000,1849039.3692099394,6308483.589704177
1002,8/23/2017,0,0,1,Wednesday,Day,Crash,Driver of a non-motorized vehicle,No,Clear,Near the pedestrian crossing,Bicycle,"Private, not used for business activity",No,2000,1849528.8020491344,6307455.313183838
1003,8/23/2017,0,0,1,Wednesday,Day,Collision with a non rail vehicle ,The driver of the motor vehicle,No,Clear,Gas station,Motorbike,"Private, not used for business activity",No,30000,1846744.9895679145,6315226.65451024
1004,8/23/2017,0,0,0,Wednesday,Day,Crash,The driver of the motor vehicle,No,Clear,None or none of listed,Passenger car without a trailer,Private company,Yes,500000,1852894.5562041027,6304913.527409436
1005,8/23/2017,0,0,0,Wednesday,Night,Collision with a parked vehicle,The driver of the motor vehicle,Not tested,Clear,Parking slot adjacent to the road,"Not identified, the driver has fled",Not identified,No,0,1849532.640567815,6308969.124133525
1006,8/23/2017,0,0,0,Wednesday,Day,Collision with a fixed obstacle,The driver of the motor vehicle,No,Clear,"Bridge, overpass, underpass, tunnel",Truck,"Private, not used for business activity",No,0,1847509.5969525853,6314018.720019414
1007,8/23/2017,0,0,0,Wednesday,Night,Collision with a parked vehicle,The driver of the motor vehicle,Not tested,Clear,Parking slot adjacent to the road,"Not identified, the driver has fled",Not identified,No,0,1848966.4484869384,6308324.472618443
1008,8/23/2017,0,0,0,Wednesday,Night,Collision with a parked vehicle,The driver of the motor vehicle,Not tested,Clear,None or none of listed,"Not identified, the driver has fled",Not identified,No,0,1843130.0478459974,6303888.097296902
1009,8/23/2017,0,0,0,Wednesday,Day,Collision with a parked vehicle,The driver of the motor vehicle,Not tested,Clear,None or none of listed,"Not identified, the driver has fled",Not identified,No,0,1842053.8009902549,6312766.185106161
1010,8/23/2017,0,0,0,Wednesday,Night,Collision with a non rail vehicle ,The driver of the motor vehicle,No,Clear,"Bridge, overpass, underpass, tunnel",Passenger car without a trailer,"Private, not used for business activity",No,105000,1852667.5581738956,6310579.541744835
1011,8/23/2017,0,0,0,Wednesday,Day,Collision with a non rail vehicle ,The driver of the motor vehicle,Not tested,Clear,None or none of listed,"Not identified, the driver has fled",Not identified,No,0,1853901.18540878,6300971.608117882
1012,8/23/2017,0,0,0,Wednesday,Night,Collision with a parked vehicle,The driver of the motor vehicle,Not tested,Clear,Parking slot adjacent to the road,"Not identified, the driver has fled",Not identified,No,0,1845945.5169187277,6303794.496409488
1013,8/22/2017,0,0,0,Tuesday,Day,Collision with a non rail vehicle ,The driver of the motor vehicle,No,Clear,None or none of listed,Passenger car without a trailer,Private company,No,30000,1845612.1419831186,6316527.538420697
1014,8/22/2017,0,0,0,Tuesday,Day,Collision with a non rail vehicle ,The driver of the motor vehicle,No,Clear,None or none of listed,Passenger car without a trailer,"Private, not used for business activity",No,20000,1852685.3239853936,6309313.173488722
1015,8/22/2017,0,0,1,Tuesday,Day,Collision with a fixed obstacle,The driver of the motor vehicle,Under influence of alcohol,Clear,Parking slot adjacent to the road,Passenger car without a trailer,"Private, not used for business activity",No,50000,1844628.025364346,6302634.928421442
1016,8/22/2017,0,0,0,Tuesday,Day,Collision with a parked vehicle,The driver of the motor vehicle,Not tested,Clear,None or none of listed,Passenger car without a trailer,"Private, not used for business activity",No,0,1845522.2569489565,6308954.958868037
1017,8/22/2017,0,0,0,Tuesday,Day,Collision with a non rail vehicle ,The driver of the motor vehicle,Not tested,Clear,Pedestrian crossing,"Not identified, the driver has fled",Not identified,No,0,1844354.2665801595,6308142.354837264
1018,8/21/2017,0,0,0,Monday,Day,Collision with a non rail vehicle ,The driver of the motor vehicle,No,Clear,None or none of listed,Truck,"Private, not used for business activity",No,110000,1856257.4269616266,6302684.049809511
1019,8/21/2017,0,0,1,Monday,Day,Collision with a fixed obstacle,The driver of the motor vehicle,No,Clear,Pedestrian crossing,Passenger car without a trailer,Registered outside of the Czech Republic,No,10000,1846569.2914552484,6308019.27730119
1020,8/21/2017,0,0,1,Monday,Day,Collision with pedestrian,The driver of the motor vehicle,No,Clear,Pedestrian crossing,Troleybus,Public transport,No,30000,1844464.771991511,6304076.882612126
1021,8/21/2017,0,0,0,Monday,Day,Collision with a non rail vehicle ,The driver of the motor vehicle,No,Clear,Pedestrian crossing,Passenger car without a trailer,"Private, not used for business activity",No,20000,1850304.733965602,6305407.996725979
1022,8/21/2017,0,0,1,Monday,Day,Collision with a non rail vehicle ,The driver of the motor vehicle,Not tested,Clear,None or none of listed,Passenger car without a trailer,"Private, not used for business activity",No,20000,1849505.034224651,6308969.636765775
1023,8/21/2017,0,0,0,Monday,Day,Collision with a parked vehicle,The driver of the motor vehicle,No,Clear,Parking slot adjacent to the road,Truck,Private company,No,5000,1850143.48768319,6306936.779380455
1024,8/21/2017,0,0,0,Monday,Night,Collision with a parked vehicle,The driver of the motor vehicle,Not tested,Clear,Parking slot adjacent to the road,"Not identified, the driver has fled",Not identified,No,0,1849978.905266956,6308590.204583987
1025,8/21/2017,0,0,0,Monday,Night,Collision with a parked vehicle,The driver of the motor vehicle,Not tested,Clear,Parking slot adjacent to the road,"Not identified, the driver has fled",Not identified,No,0,1840056.8596805471,6313122.50671262
1026,8/21/2017,0,0,0,Monday,Night,Collision with a fixed obstacle,The driver of the motor vehicle,No,Clear,Parking slot adjacent to the road,Passenger car without a trailer,"Private, not used for business activity",No,10000,1847745.7814011318,6306843.012799202
1027,8/21/2017,0,0,0,Monday,Night,Collision with a parked vehicle,The driver of the motor vehicle,Not tested,Clear,None or none of listed,"Not identified, the driver has fled",Not identified,No,0,1848579.0508703594,6308127.040763188
1028,8/20/2017,0,0,0,Sunday,Day,Collision with a parked vehicle,The driver of the motor vehicle,Not tested,Clear,None or none of listed,Passenger car without a trailer,Not identified,No,0,1846247.34513516,6313879.488320142
1029,8/20/2017,0,0,1,Sunday,Day,Collision with a non rail vehicle ,The driver of the motor vehicle,No,Clear,None or none of listed,Passenger car without a trailer,"Private, not used for business activity",No,60000,1851442.924329357,6307158.849781619
1030,8/20/2017,0,0,1,Sunday,Day,Collision with a non rail vehicle ,The driver of the motor vehicle,No,Clear,Near the pedestrian crossing,Passenger car without a trailer,"Private, not used for business activity",No,80000,1855250.2155560127,6308966.361984963
1031,8/20/2017,0,0,0,Sunday,Day,Other collisions,The driver of the motor vehicle,Not tested,Clear,Gas station,Passenger car without a trailer,"Private, not used for business activity",No,1000,1846365.2285797307,6318178.56857215
1032,8/19/2017,0,1,0,Saturday,Day,Collision with pedestrian,Pedestrian,No,Rain,None or none of listed,Passenger car without a trailer,"Private, not used for business activity",No,2000,1844780.1212959383,6306676.878504787
1033,8/19/2017,0,0,1,Saturday,Day,Collision with a non rail vehicle ,The driver of the motor vehicle,No,Rain,None or none of listed,Passenger car without a trailer,"Private, not used for business activity",Yes,20000,1855782.7298173844,6301762.731987544
1034,8/19/2017,0,0,0,Saturday,Night,Collision with a parked vehicle,The driver of the motor vehicle,Not tested,Clear,None or none of listed,"Not identified, the driver has fled",Not identified,No,0,1850040.4142949968,6307172.016449196
1035,8/19/2017,0,0,1,Saturday,Day,Collision with a parked vehicle,Driver of a non-motorized vehicle,Under influence of alcohol,Clear,None or none of listed,Bicycle,"Private, not used for business activity",No,2000,1853958.1539374262,6306441.324504701
1036,8/19/2017,0,0,0,Saturday,Day,Collision with a parked vehicle,The driver of the motor vehicle,Not tested,Clear,Parking slot adjacent to the road,Passenger car without a trailer,"Private, not used for business activity",No,10000,1850546.140300141,6314815.333499973
1037,8/19/2017,0,0,0,Saturday,Day,Collision with a parked vehicle,The driver of the motor vehicle,Not tested,Clear,None or none of listed,Passenger car without a trailer,Private company,No,0,1849498.3120858828,6307784.765745244
1038,8/19/2017,0,0,0,Saturday,Night,Collision with a parked vehicle,The driver of the motor vehicle,Not tested,Clear,Parking slot adjacent to the road,"Not identified, the driver has fled",Not identified,No,0,1854481.493023729,6310282.2926167855
1039,8/18/2017,0,0,0,Friday,Day,Collision with a non rail vehicle ,The driver of the motor vehicle,No,Clear,None or none of listed,Passenger car without a trailer,Police,No,100000,1853348.4826898375,6307068.161449207
1040,8/18/2017,0,0,3,Friday,Day,Collision with a non rail vehicle ,The driver of the motor vehicle,No,Clear,None or none of listed,Truck,"Private, not used for business activity",No,50000,1855788.859291187,6301944.880664006
1041,8/18/2017,0,0,0,Friday,Day,Collision with a parked vehicle,The driver of the motor vehicle,Not tested,Clear,Parking slot adjacent to the road,Passenger car without a trailer,"Private, not used for business activity",No,50000,1851203.4584048626,6309765.771671786
1042,8/18/2017,0,0,1,Friday,Day,Collision with a non rail vehicle ,Driver of a non-motorized vehicle,No,Clear,Pedestrian crossing,Bicycle,"Private, not used for business activity",No,1000,1842768.8878994456,6312010.244989406
1043,8/18/2017,0,0,0,Friday,Day,Collision with a non rail vehicle ,The driver of the motor vehicle,No,Clear,Pedestrian crossing,Truck,"Private, not used for business activity",No,5000,1847282.2536093185,6307009.1040400285
1044,8/18/2017,0,0,1,Friday,Day,Collision with a non rail vehicle ,Driver of a non-motorized vehicle,No,Clear,None or none of listed,Bicycle,"Private, not used for business activity",No,1000,1855059.1644818147,6311296.727826646
1045,8/18/2017,0,0,0,Friday,Night,Collision with a parked vehicle,The driver of the motor vehicle,Not tested,Clear,None or none of listed,"Not identified, the driver has fled",Not identified,No,0,1849803.5194054558,6313135.448845732
1046,8/18/2017,0,0,0,Friday,Day,Collision with a parked vehicle,The driver of the motor vehicle,Not tested,Clear,None or none of listed,Passenger car without a trailer,Private company,No,0,1849957.3432381859,6309492.174146924
1047,8/17/2017,0,0,1,Thursday,Day,Crash,The driver of the motor vehicle,No,Clear,Pedestrian crossing,Motorbike,"Private, not used for business activity",Yes,5000,1849449.9183862875,6308599.594076606
1048,8/17/2017,0,0,0,Thursday,Day,Collision with a parked vehicle,The driver of the motor vehicle,No,Clear,Near the pedestrian crossing,Passenger car without a trailer,"Private, not used for business activity",No,10000,1851642.3711195544,6312330.5181926
1049,8/17/2017,0,0,0,Thursday,Night,Collision with a parked vehicle,The driver of the motor vehicle,Not tested,Clear,Parking slot adjacent to the road,"Not identified, the driver has fled",Not identified,No,0,1850632.016162838,6314772.484522157
1050,8/17/2017,0,0,1,Thursday,Night,Collision with pedestrian,The driver of the motor vehicle,No,Clear,Parking slot adjacent to the road,Passenger car without a trailer,"Private, not used for business activity",No,0,1840355.4666448717,6308318.821320691
1051,8/17/2017,0,0,0,Thursday,Day,Crash,The driver of the motor vehicle,No,Clear,None or none of listed,Passenger car without a trailer,"Private, not used for business activity",No,10000,1840412.7906166583,6308176.058231569
1052,8/16/2017,0,0,1,Wednesday,Day,Collision with a non rail vehicle ,The driver of the motor vehicle,Not tested,Clear,Pedestrian crossing,"Not identified, the driver has fled",Not identified,No,0,1853142.243518276,6308074.234864375
1053,8/16/2017,0,0,1,Wednesday,Day,Collision with a non rail vehicle ,Driver of a non-motorized vehicle,Not tested,Clear,None or none of listed,Bicycle,"Private, not used for business activity",No,5000,1851108.6255532939,6306952.414399107
1054,8/16/2017,0,0,1,Wednesday,Day,Crash,Technical defect of the vehicle,Not tested,Clear,"Bus, trolleybus, tram stop. islet",Bicycle,"Private, not used for business activity",No,1000,1849345.3435208045,6307347.6620451
1055,8/16/2017,0,0,0,Wednesday,Day,Collision with a parked vehicle,The driver of the motor vehicle,No,Clear,None or none of listed,Truck,"Private, not used for business activity",No,50000,1854481.1707538005,6307522.589754375
1056,8/16/2017,0,0,0,Wednesday,Night,Collision with a parked vehicle,The driver of the motor vehicle,Not tested,Clear,Parking slot adjacent to the road,"Not identified, the driver has fled",Not identified,No,0,1843399.9517475406,6311907.960284256
1057,8/16/2017,0,0,0,Wednesday,Day,Collision with a non rail vehicle ,The driver of the motor vehicle,No,Clear,Pedestrian crossing,Truck with semi-trailer,Registered outside of the Czech Republic,No,0,1853894.9180101254,6306243.583539011
1058,8/16/2017,0,0,1,Wednesday,Day,Collision with a parked vehicle,Driver of a non-motorized vehicle,Under influence of drugs,Clear,None or none of listed,Bicycle,"Private, not used for business activity",No,0,1850742.0380023294,6306570.718393405
1059,8/16/2017,0,1,0,Wednesday,Day,Collision with pedestrian,Pedestrian,Under influence of alcohol,Clear,Near the pedestrian crossing,Truck,Private company,No,0,1850809.0772713502,6307304.173111111
1060,8/15/2017,0,0,0,Tuesday,Day,Collision with a parked vehicle,The driver of the motor vehicle,No,Clear,Parking slot adjacent to the road,Passenger car without a trailer,"Private, not used for business activity",No,5000,1848340.4653717212,6307347.016992048
1061,8/15/2017,0,0,0,Tuesday,Day,Collision with a parked vehicle,The driver of the motor vehicle,No,Clear,Parking slot adjacent to the road,Passenger car without a trailer,Private company,No,10000,1854361.2547266535,6309923.440610459
1062,8/15/2017,0,0,0,Tuesday,Night,Collision with a parked vehicle,The driver of the motor vehicle,Not tested,Clear,Parking slot adjacent to the road,"Not identified, the driver has fled",Not identified,No,0,1849712.6702331863,6306592.727573134
1063,8/15/2017,0,0,1,Tuesday,Day,Collision with a non rail vehicle ,The driver of the motor vehicle,No,Clear,"Bridge, overpass, underpass, tunnel",Motorbike,"Private, not used for business activity",No,15000,1849150.7137476162,6312306.06465501
1064,8/15/2017,0,0,0,Tuesday,Night,Collision with a parked vehicle,The driver of the motor vehicle,Not tested,Clear,Parking slot adjacent to the road,"Not identified, the driver has fled",Not identified,No,0,1840463.7470022517,6304324.612947954
1065,8/15/2017,0,0,1,Tuesday,Day,Collision with a non rail vehicle ,The driver of the motor vehicle,No,Clear,Near the pedestrian crossing,Passenger car without a trailer,"Private, not used for business activity",No,10000,1850305.9701685472,6305726.297828514
1066,8/15/2017,0,0,0,Tuesday,Day,Collision with a non rail vehicle ,The driver of the motor vehicle,No,Clear,Pedestrian crossing,"Not identified, the driver has fled",Not identified,No,0,1848882.8780508894,6306055.734915345
1067,8/14/2017,0,0,1,Monday,Night,Collision with a non rail vehicle ,The driver of the motor vehicle,No,Clear,None or none of listed,Passenger car without a trailer,Private company,No,60000,1846887.2330566552,6302225.411199949
1068,8/14/2017,0,0,1,Monday,Day,Collision with a non rail vehicle ,The driver of the motor vehicle,No,Clear,None or none of listed,Passenger car without a trailer,"Private, not used for business activity",No,90000,1849865.9303440154,6302770.256882774
1069,8/14/2017,0,1,0,Monday,Day,Collision with pedestrian,The driver of the motor vehicle,No,Clear,Pedestrian crossing,Passenger car without a trailer,"Private, not used for business activity",No,1000,1848163.9490607942,6307040.365347376
1070,8/14/2017,0,0,0,Monday,Day,Collision with a fixed obstacle,The driver of the motor vehicle,No,Clear,None or none of listed,Passenger car without a trailer,"State enterprise, state organization",No,20000,1848080.7391885782,6306823.923492835
1071,8/14/2017,0,0,0,Monday,Day,Other collisions,The driver of the motor vehicle,Not tested,Clear,Parking slot adjacent to the road,Passenger car without a trailer,"Private, not used for business activity",No,0,1849110.0779033378,6309105.610802701
1072,8/14/2017,0,0,0,Monday,Day,Collision with a fixed obstacle,The driver of the motor vehicle,No,Clear,Pedestrian crossing,Truck,Private company,No,0,1852394.7257905097,6307803.229515329
1073,8/14/2017,0,0,0,Monday,Day,Collision with a fixed obstacle,The driver of the motor vehicle,No,Clear,None or none of listed,Passenger car without a trailer,Private company,No,20000,1848345.3099959565,6308924.6993607115
1074,8/13/2017,0,0,0,Sunday,Night,Collision with a parked vehicle,The driver of the motor vehicle,Not tested,Clear,None or none of listed,"Not identified, the driver has fled",Not identified,No,0,1850901.8915665955,6309643.78487458
1075,8/13/2017,0,0,0,Sunday,Night,Collision with wildlife animals,"Forest animals, pets",Not tested,Clear,None or none of listed,Passenger car without a trailer,"Private, not used for business activity",No,50000,1841784.0331211274,6305428.91145029
1076,8/13/2017,0,0,0,Sunday,Night,Collision with a fixed obstacle,The driver of the motor vehicle,Not tested,Clear,Parking slot adjacent to the road,"Not identified, the driver has fled",Not identified,No,0,1842568.7661791756,6303598.999724539
1077,8/13/2017,0,0,0,Sunday,Night,Collision with a parked vehicle,The driver of the motor vehicle,Not tested,Clear,Parking slot adjacent to the road,"Not identified, the driver has fled",Not identified,No,0,1850872.0405772221,6309160.749740702
1078,8/13/2017,0,0,0,Sunday,Night,Collision with a parked vehicle,The driver of the motor vehicle,Not tested,Clear,Parking slot adjacent to the road,"Not identified, the driver has fled",Not identified,No,0,1845891.3457375646,6304596.360400442
1079,8/12/2017,0,0,0,Saturday,Day,Collision with a parked vehicle,The driver of the motor vehicle,No,Clear,Parking slot adjacent to the road,Passenger car without a trailer,"Private, not used for business activity",No,0,1846198.7535095147,6315424.967223372
1080,8/12/2017,0,0,0,Saturday,Day,Collision with a fixed obstacle,The driver of the motor vehicle,No,Clear,None or none of listed,Passenger car without a trailer,Private company,No,1000,1845926.0326682562,6306463.246315203
1081,8/12/2017,0,0,0,Saturday,Day,Crash,The driver of the motor vehicle,Under influence of alcohol,Clear,None or none of listed,Passenger car without a trailer,"Private, not used for business activity",No,20000,1848285.416436367,6315024.900034708
1082,8/12/2017,0,0,0,Saturday,Day,Collision with a fixed obstacle,The driver of the motor vehicle,No,Clear,"Bus stop, trolleybus, tramway without boarding. islet",Passenger car without a trailer,Private company,No,30000,1852616.6790440343,6310404.197498245
1083,8/12/2017,0,0,2,Saturday,Day,Collision with a fixed obstacle,The driver of the motor vehicle,No,Clear,None or none of listed,Passenger car without a trailer,"Private, not used for business activity",No,200000,1855349.864200076,6306388.289195584
1084,8/11/2017,0,0,0,Friday,Night,Collision with a fixed obstacle,The driver of the motor vehicle,No,Rain,None or none of listed,Passenger car without a trailer,"Private, not used for business activity",Yes,300000,1853000.2155440685,6302301.7981944
1085,8/11/2017,0,0,0,Friday,Day,Collision with a non rail vehicle ,The driver of the motor vehicle,No,Clear,Pedestrian crossing,Truck with semi-trailer,Registered outside of the Czech Republic,No,30000,1851509.8844502217,6302555.855477347
1086,8/11/2017,0,0,0,Friday,Day,Collision with a fixed obstacle,The driver of the motor vehicle,No,Clear,None or none of listed,Truck,Private company,No,0,1846045.7983027736,6315350.122127998
1087,8/11/2017,0,1,0,Friday,Day,Collision with a non rail vehicle ,The driver of the motor vehicle,No,Clear,None or none of listed,Passenger car without a trailer,"Private, not used for business activity",No,30000,1845350.8766967037,6304180.890778917
1088,8/11/2017,1,1,0,Friday,Night,Collision with a non rail vehicle ,The driver of the motor vehicle,Not tested,Clear,None or none of listed,Passenger car without a trailer,"Private, not used for business activity",No,50000,1840388.9518816625,6313880.3827534625
1089,8/11/2017,0,0,0,Friday,Night,Collision with a parked vehicle,The driver of the motor vehicle,Not tested,Clear,Parking slot adjacent to the road,"Not identified, the driver has fled",Not identified,No,0,1848671.7968154394,6311672.916453425
1090,8/11/2017,0,0,0,Friday,Day,Collision with a parked vehicle,The driver of the motor vehicle,Not tested,Clear,"Bridge, overpass, underpass, tunnel","Not identified, the driver has fled",Not identified,No,0,1844276.7444660077,6306896.793243903
1091,8/10/2017,0,0,1,Thursday,Day,Collision with a non rail vehicle ,The driver of the motor vehicle,No,Clear,None or none of listed,Passenger car without a trailer,"Private, not used for business activity",No,150000,1844229.6367291687,6304712.105577296
1092,8/10/2017,0,0,2,Thursday,Day,Collision with a non rail vehicle ,The driver of the motor vehicle,No,Clear,Pedestrian crossing,Passenger car without a trailer,"Private, not used for business activity",No,25000,1850980.4772271598,6303314.694104765
1093,8/10/2017,0,0,0,Thursday,Day,Collision with a fixed obstacle,The driver of the motor vehicle,No,Clear,Parking slot adjacent to the road,Truck with semi-trailer,Private company,No,0,1852794.7095226715,6311265.963153839
1094,8/10/2017,0,0,0,Thursday,Day,Collision with a non rail vehicle ,The driver of the motor vehicle,Not tested,Clear,Pedestrian crossing,"Not identified, the driver has fled",Not identified,No,0,1846480.5546816334,6310677.921261043
1095,8/10/2017,0,1,0,Thursday,Day,Collision with pedestrian,Pedestrian,Under influence of alcohol,Clear,"Bus, trolleybus, tram stop. islet",Tram,Public transport,No,3000,1848670.0445353317,6309416.058785979
1096,8/10/2017,0,0,0,Thursday,Day,Collision with a fixed obstacle,The driver of the motor vehicle,Under influence of drugs,Clear,None or none of listed,Truck,"Private, not used for business activity",No,50000,1850142.6657000687,6299575.082446298
1097,8/10/2017,0,0,0,Thursday,Night,Collision with a parked vehicle,The driver of the motor vehicle,Not tested,Clear,None or none of listed,"Not identified, the driver has fled",Not identified,No,0,1843907.2024957552,6311043.548801159
1098,8/10/2017,0,0,1,Thursday,Night,Collision with pedestrian,The driver of the motor vehicle,Not tested,Rain,Near the pedestrian crossing,Passenger car without a trailer,Taxi,No,0,1848504.4474419376,6307576.12447995
1099,8/9/2017,0,0,1,Wednesday,Night,Crash,Driver of a non-motorized vehicle,Not tested,Clear,"Bus, trolleybus, tram stop. islet",Bicycle,"Private, not used for business activity",No,1000,1845273.4290552884,6314313.729226297
1100,8/9/2017,0,0,0,Wednesday,Day,Collision with a fixed obstacle,The driver of the motor vehicle,No,Clear,None or none of listed,Passenger car without a trailer,Private company,No,80000,1854659.582613017,6306631.55273473
1101,8/9/2017,0,0,0,Wednesday,Night,Collision with a parked vehicle,The driver of the motor vehicle,Not tested,Clear,None or none of listed,"Not identified, the driver has fled",Not identified,No,0,1852283.1323424513,6306345.493959102
1102,8/9/2017,0,0,0,Wednesday,Day,Collision with a fixed obstacle,The driver of the motor vehicle,No,Clear,Parking slot adjacent to the road,Truck,Private company,No,20000,1844091.547127232,6304875.870473729
1103,8/9/2017,0,0,1,Wednesday,Day,Collision with a non rail vehicle ,The driver of the motor vehicle,No,Clear,None or none of listed,Motorbike,Registered outside of the Czech Republic,No,30000,1849755.8933650756,6307476.427343224
1104,8/9/2017,0,1,0,Wednesday,Day,Collision with a non rail vehicle ,Driver of a non-motorized vehicle,No,Clear,Near the pedestrian crossing,Bicycle,"Private, not used for business activity",No,30000,1847363.974249386,6307343.135432722
1105,8/9/2017,0,0,0,Wednesday,Day,Collision with a non rail vehicle ,The driver of the motor vehicle,No,Clear,Near the pedestrian crossing,Passenger car without a trailer,Registered outside of the Czech Republic,No,20000,1852017.7461198017,6306325.746839127
1106,8/9/2017,0,0,0,Wednesday,Day,Collision with a fixed obstacle,The driver of the motor vehicle,Not tested,Clear,"Bridge, overpass, underpass, tunnel","Not identified, the driver has fled",Not identified,No,0,1849540.8271144878,6304447.738362363
1107,8/9/2017,0,0,2,Wednesday,Day,Collision with a non rail vehicle ,Driver of a non-motorized vehicle,No,Clear,None or none of listed,Bicycle,"Private, not used for business activity",Yes,10000,1839507.439105469,6308379.672031231
1108,8/8/2017,0,0,1,Tuesday,Day,Collision with a non rail vehicle ,The driver of the motor vehicle,No,Clear,None or none of listed,Passenger car without a trailer,"Private, not used for business activity",No,50000,1850341.436224354,6301396.942264797
1109,8/8/2017,0,1,0,Tuesday,Day,Collision with pedestrian,The driver of the motor vehicle,No,Clear,Near the pedestrian crossing,Passenger car without a trailer,Private company,No,50000,1848795.032501121,6308732.50449254
1110,8/8/2017,0,0,1,Tuesday,Day,Collision with a non rail vehicle ,The driver of the motor vehicle,No,Clear,None or none of listed,Passenger car without a trailer,"Private, not used for business activity",No,20000,1843858.1100437145,6311001.457212417
1111,8/8/2017,0,0,0,Tuesday,Night,Collision with wildlife animals,"Forest animals, pets",Not tested,Clear,None or none of listed,Passenger car without a trailer,Private company,No,30000,1854271.5304378383,6306771.236979571
1112,8/8/2017,0,0,0,Tuesday,Day,Other collisions,The driver of the motor vehicle,Not tested,Clear,None or none of listed,Truck,Private company,No,0,1851020.6842687638,6300818.351721527
1113,8/8/2017,0,0,0,Tuesday,Day,Collision with a non rail vehicle ,The driver of the motor vehicle,Not tested,Clear,None or none of listed,"Not identified, the driver has fled",Not identified,No,0,1856952.0657048752,6299766.466864508
1114,8/8/2017,0,0,1,Tuesday,Day,Collision with a pet,"Forest animals, pets",Not tested,Clear,None or none of listed,Bicycle,"Private, not used for business activity",No,1000,1847105.881234496,6315095.698550294
1115,8/7/2017,0,0,0,Monday,Night,Collision with a fixed obstacle,The driver of the motor vehicle,Not tested,Clear,None or none of listed,"Not identified, the driver has fled",Not identified,No,0,1850276.9063192958,6311665.1880350895
1116,8/7/2017,0,0,0,Monday,Day,Collision with a parked vehicle,The driver of the motor vehicle,No,Clear,Parking slot adjacent to the road,Passenger car without a trailer,Private company,No,10000,1841676.0224908812,6307691.867492306
1117,8/7/2017,0,0,0,Monday,Night,Collision with a parked vehicle,The driver of the motor vehicle,Not tested,Clear,None or none of listed,"Not identified, the driver has fled",Not identified,No,0,1846521.9874621534,6314395.175318763
1118,8/7/2017,0,0,0,Monday,Night,Collision with a parked vehicle,The driver of the motor vehicle,Not tested,Clear,Parking slot adjacent to the road,Passenger car without a trailer,"Private, not used for business activity",No,2000,1845120.374551561,6311489.154858087
1119,8/7/2017,0,0,0,Monday,Night,Collision with a parked vehicle,The driver of the motor vehicle,Not tested,Clear,None or none of listed,"Not identified, the driver has fled",Not identified,No,0,1847545.6068041064,6306212.986332935
1120,8/7/2017,0,0,0,Monday,Day,Collision with a tram,The driver of the motor vehicle,No,Clear,None or none of listed,Passenger car without a trailer,Registered outside of the Czech Republic,No,50000,1849740.263218013,6306873.812082806
1121,8/7/2017,0,0,0,Monday,Day,Collision with a parked vehicle,The driver of the motor vehicle,Not tested,Clear,None or none of listed,Passenger car without a trailer,Private company,No,0,1845460.9252528686,6309087.682713953
1122,8/6/2017,0,0,1,Sunday,Night,Collision with a fixed obstacle,The driver of the motor vehicle,No,Clear,None or none of listed,Passenger car without a trailer,"Private, not used for business activity",No,20000,1844722.6009565708,6310649.867871625
1123,8/6/2017,0,0,0,Sunday,Night,Collision with a parked vehicle,The driver of the motor vehicle,Under influence of alcohol,Clear,Parking slot adjacent to the road,Passenger car without a trailer,Private company,No,40000,1847890.3072733893,6310875.375413541