OBJECTID,Date,Dead,Serious injuries,Light injuries,Day of the week,Day/Night,Type of the accident,Cause of the accident,Alcohol or drugs,Weather conditions,Place,Vehicle type,Vehicle characteristic,Skid,Total damage in Czk,x,y
1124,8/6/2017,0,0,0,Sunday,Day,Collision with a non rail vehicle ,The driver of the motor vehicle,No,Clear,None or none of listed,Passenger car without a trailer,Registered outside of the Czech Republic,No,50000,1848690.031393304,6311062.631992509
1125,8/6/2017,0,0,0,Sunday,Day,Collision with a parked vehicle,The driver of the motor vehicle,Not tested,Clear,Parking slot adjacent to the road,Passenger car without a trailer,Registered outside of the Czech Republic,No,20000,1834591.891437455,6310710.04733925
1126,8/6/2017,0,0,0,Sunday,Night,Collision with a parked vehicle,The driver of the motor vehicle,Not tested,Clear,None or none of listed,"Not identified, the driver has fled",Not identified,No,0,1846537.570187108,6314342.495644091
1127,8/6/2017,0,0,0,Sunday,Night,Other collisions,The driver of the motor vehicle,No,Clear,Parking slot adjacent to the road,Passenger car without a trailer,Private company,No,20000,1849504.7636069707,6307657.003295161
1128,8/6/2017,0,0,3,Sunday,Day,Collision with a non rail vehicle ,The driver of the motor vehicle,No,Rain,None or none of listed,Passenger car without a trailer,"Private, not used for business activity",No,60000,1851049.1712604142,6303229.342760123
1129,8/6/2017,0,0,1,Sunday,Day,Crash,The driver of the motor vehicle,No,"At the beginning of the rain, light rain, drizzle, etc.",None or none of listed,Motorbike,Private company,No,20000,1841059.767363325,6307877.913554629
1130,8/6/2017,0,0,1,Sunday,Day,Crash,Driver of a non-motorized vehicle,No,"At the beginning of the rain, light rain, drizzle, etc.",None or none of listed,Bicycle,"Private, not used for business activity",Yes,3000,1849741.3411246396,6308321.548334576
1131,8/6/2017,0,0,2,Sunday,Day,Crash,The driver of the motor vehicle,No,Clear,Near the pedestrian crossing,Passenger car without a trailer,Private company,No,0,1842838.8082282078,6312329.473430384
1132,8/6/2017,0,0,0,Sunday,Night,Collision with a parked vehicle,The driver of the motor vehicle,Not tested,Clear,Parking slot adjacent to the road,"Not identified, the driver has fled",Not identified,No,0,1838417.6866351482,6316266.046243252
1133,8/6/2017,0,0,1,Sunday,Day,Collision with a non rail vehicle ,The driver of the motor vehicle,Not tested,Clear,None or none of listed,Passenger car without a trailer,Not identified,No,5000,1847553.3407257325,6310417.429728695
1134,8/5/2017,0,0,2,Saturday,Day,Collision with a non rail vehicle ,The driver of the motor vehicle,No,Clear,None or none of listed,Passenger car without a trailer,"Private, not used for business activity",Yes,60000,1839830.8805576398,6303819.937637508
1135,8/5/2017,0,0,0,Saturday,Night,Collision with a parked vehicle,The driver of the motor vehicle,Under influence of alcohol,Clear,Parking slot adjacent to the road,Passenger car without a trailer,"Private, not used for business activity",No,10000,1851594.6388803704,6306805.911009007
1136,8/5/2017,0,0,1,Saturday,Day,Crash,Driver of a non-motorized vehicle,No,Clear,None or none of listed,Bicycle,"Private, not used for business activity",No,3000,1840130.7989768868,6313789.189568822
1137,8/5/2017,0,0,0,Saturday,Night,Collision with a fixed obstacle,The driver of the motor vehicle,Not tested,Clear,None or none of listed,"Not identified, the driver has fled",Not identified,No,0,1848479.7490978378,6307969.805409681
1138,8/4/2017,0,0,0,Friday,Day,Collision with a parked vehicle,The driver of the motor vehicle,Not tested,Clear,Parking slot adjacent to the road,"Not identified, the driver has fled",Not identified,No,0,1844750.1288194885,6302271.963969393
1139,8/4/2017,0,0,0,Friday,Night,Collision with a parked vehicle,The driver of the motor vehicle,Not tested,Clear,Parking slot adjacent to the road,Passenger car without a trailer,"Private, not used for business activity",No,20000,1840326.2713273,6304388.644143765
1140,8/4/2017,0,0,1,Friday,Day,Crash,Driver of a non-motorized vehicle,No,Clear,None or none of listed,Bicycle,"Private, not used for business activity",No,1000,1847301.1913924112,6310474.767191815
1141,8/4/2017,0,0,0,Friday,Day,Collision with a parked vehicle,The driver of the motor vehicle,Not tested,Clear,Parking slot adjacent to the road,Passenger car without a trailer,"Private, not used for business activity",No,5000,1853750.7952257462,6301064.040347877
1142,8/4/2017,0,0,0,Friday,Night,Collision with a parked vehicle,The driver of the motor vehicle,Not tested,Clear,None or none of listed,"Not identified, the driver has fled",Not identified,No,0,1845155.120704222,6311897.671687755
1143,8/3/2017,0,0,0,Thursday,Day,Collision with a non rail vehicle ,The driver of the motor vehicle,No,Clear,None or none of listed,Passenger car without a trailer,"Private, not used for business activity",No,80000,1856221.3667936965,6309034.646590502
1144,8/3/2017,0,1,0,Thursday,Day,Crash,The driver of the motor vehicle,No,Clear,None or none of listed,Motorbike,"Private, not used for business activity",Yes,10000,1850385.5584837664,6308674.350593179
1145,8/3/2017,0,0,0,Thursday,Night,Collision with a parked vehicle,The driver of the motor vehicle,Not tested,Clear,Parking slot adjacent to the road,"Not identified, the driver has fled",Not identified,No,0,1850355.1177237348,6307281.53320672
1146,8/3/2017,0,0,0,Thursday,Day,Collision with a non rail vehicle ,The driver of the motor vehicle,No,Clear,None or none of listed,Passenger car without a trailer,Not identified,No,1000,1847085.2283520105,6313448.172854119
1147,8/3/2017,0,0,0,Thursday,Night,Other collisions,The driver of the motor vehicle,Not tested,Clear,Parking slot adjacent to the road,"Not identified, the driver has fled",Not identified,No,0,1849494.8762098013,6308193.957124588
1148,8/2/2017,0,0,1,Wednesday,Night,Other collisions,Other,Not tested,Clear,"Exit from the car park, forest roads, etc.",Passenger car without a trailer,"Private, not used for business activity",No,0,1851018.96226756,6308633.4400168555
1149,8/2/2017,0,0,0,Wednesday,Day,Collision with a non rail vehicle ,The driver of the motor vehicle,No,Clear,None or none of listed,Passenger car without a trailer,"Private, not used for business activity",No,120000,1845476.360479501,6314072.239617902
1150,8/2/2017,0,0,0,Wednesday,Day,Collision with a non rail vehicle ,The driver of the motor vehicle,No,Clear,Pedestrian crossing,Truck,"State enterprise, state organization",No,60000,1847591.0430787872,6309825.368757271
1151,8/2/2017,0,0,6,Wednesday,Day,Other collisions,The driver of the motor vehicle,No,Clear,Parking slot adjacent to the road,Passenger car without a trailer,"Private, not used for business activity",No,0,1845878.8608113916,6307194.310969893
1152,8/2/2017,0,0,0,Wednesday,Day,Collision with a non rail vehicle ,The driver of the motor vehicle,Not tested,Clear,Pedestrian crossing,Passenger car without a trailer,"Private, not used for business activity",No,0,1851892.6967056512,6307120.6335011525
1153,8/2/2017,0,0,0,Wednesday,Night,Collision with a fixed obstacle,The driver of the motor vehicle,Not tested,Clear,Parking slot adjacent to the road,"Not identified, the driver has fled",Not identified,No,0,1848376.6645776927,6307906.096546904
1154,8/2/2017,0,0,1,Wednesday,Day,Collision with a non rail vehicle ,The driver of the motor vehicle,No,Clear,None or none of listed,Passenger car without a trailer,"Private, not used for business activity",No,40000,1850194.8132042089,6305721.98905
1155,8/2/2017,0,0,0,Wednesday,Day,Collision with a parked vehicle,The driver of the motor vehicle,Not tested,Clear,Parking slot adjacent to the road,"Not identified, the driver has fled",Not identified,No,0,1851133.3561800525,6301268.056872431
1156,8/2/2017,0,0,0,Wednesday,Day,Collision with a non rail vehicle ,The driver of the motor vehicle,Not tested,Clear,None or none of listed,"Not identified, the driver has fled",Not identified,No,0,1849093.3246539265,6310640.506936164
1157,8/2/2017,0,0,0,Wednesday,Day,Collision with a parked vehicle,The driver of the motor vehicle,Not tested,Clear,Parking slot adjacent to the road,"Not identified, the driver has fled",Not identified,No,0,1849692.198022235,6306877.34869012
1158,8/2/2017,0,0,0,Wednesday,Day,Collision with a non rail vehicle ,The driver of the motor vehicle,No,Clear,None or none of listed,Motorbike,"Private, not used for business activity",No,30000,1853979.9715557462,6315656.915646297
1159,8/2/2017,0,0,1,Wednesday,Night,Collision with a non rail vehicle ,The driver of the motor vehicle,No,Clear,Near the pedestrian crossing,Passenger car without a trailer,"Private, not used for business activity",No,30000,1848127.4643203237,6309104.794053408
1160,8/2/2017,0,0,0,Wednesday,Day,Collision with a fixed obstacle,The driver of the motor vehicle,No,Clear,None or none of listed,Passenger car without a trailer,"Private, not used for business activity",No,120000,1838868.4850431904,6315038.369004694
1161,8/2/2017,0,0,0,Wednesday,Day,Collision with a parked vehicle,The driver of the motor vehicle,Not tested,Clear,None or none of listed,"Not identified, the driver has fled",Not identified,No,0,1848325.740029479,6306482.577845577
1162,8/1/2017,0,0,1,Tuesday,Day,Collision with a non rail vehicle ,The driver of the motor vehicle,No,Clear,Pedestrian crossing,Truck,Private company,No,20000,1848832.1622267216,6310440.118444809
1163,8/1/2017,0,0,1,Tuesday,Day,Crash,Driver of a non-motorized vehicle,No,Clear,"Bus stop, trolleybus, tramway without boarding. islet",Bicycle,"Private, not used for business activity",Yes,0,1853800.4116586251,6312513.326306653
1164,8/1/2017,0,0,1,Tuesday,Day,Collision with pedestrian,Driver of a non-motorized vehicle,No,Clear,None or none of listed,Bicycle,"Private, not used for business activity",No,15000,1852233.2470729977,6309043.480497854
1165,8/1/2017,0,1,0,Tuesday,Day,Collision with a non rail vehicle ,The driver of the motor vehicle,No,Clear,Parking slot adjacent to the road,Passenger car without a trailer,"Private, not used for business activity",No,20000,1836026.5790385446,6317028.566211194
1166,7/31/2017,0,0,0,Monday,Night,Collision with a parked vehicle,The driver of the motor vehicle,Not tested,Clear,None or none of listed,"Not identified, the driver has fled",Not identified,No,0,1847339.3239953038,6312180.856558011
1167,7/31/2017,0,0,0,Monday,Night,Collision with a parked vehicle,The driver of the motor vehicle,Not tested,Clear,None or none of listed,"Not identified, the driver has fled",Not identified,No,0,1847891.7170234201,6300546.300702323
1168,7/31/2017,0,0,0,Monday,Night,Collision with a parked vehicle,The driver of the motor vehicle,Not tested,Clear,Parking slot adjacent to the road,"Not identified, the driver has fled",Not identified,No,0,1840029.1579365826,6313622.814599427
1169,7/31/2017,0,0,1,Monday,Day,Collision with pedestrian,The driver of the motor vehicle,No,Clear,Pedestrian crossing,Passenger car without a trailer,Private company,No,0,1848847.5924439796,6306068.798185845
1170,7/31/2017,0,0,1,Monday,Day,Collision with a non rail vehicle ,Driver of a non-motorized vehicle,No,Clear,None or none of listed,Bicycle,"Private, not used for business activity",No,5000,1845603.2355332994,6304167.939576783
1171,7/31/2017,0,0,0,Monday,Night,Collision with a parked vehicle,The driver of the motor vehicle,Not tested,Clear,Parking slot adjacent to the road,"Not identified, the driver has fled",Not identified,No,0,1850412.14358192,6305028.224740543
1172,7/31/2017,0,0,0,Monday,Night,Collision with a parked vehicle,The driver of the motor vehicle,Not tested,Clear,None or none of listed,"Not identified, the driver has fled",Not identified,No,0,1857041.3582967017,6309476.582631489
1173,7/31/2017,0,0,0,Monday,Night,Collision with a fixed obstacle,The driver of the motor vehicle,Under influence of alcohol,Clear,Pedestrian crossing,Passenger car without a trailer,"Private, not used for business activity",No,30000,1845674.1587393598,6316879.851040978
1174,7/30/2017,0,0,0,Sunday,Night,Collision with a parked vehicle,The driver of the motor vehicle,Not tested,Clear,None or none of listed,"Not identified, the driver has fled",Not identified,No,0,1856054.6534997714,6310243.213273446
1175,7/30/2017,0,0,0,Sunday,Night,Collision with a parked vehicle,The driver of the motor vehicle,Not tested,Clear,Parking slot adjacent to the road,"Not identified, the driver has fled",Not identified,No,0,1844790.2528167511,6306734.788686942
1176,7/29/2017,0,0,0,Saturday,Night,Collision with a parked vehicle,The driver of the motor vehicle,Not tested,Clear,Parking slot adjacent to the road,"Not identified, the driver has fled",Not identified,No,0,1839296.4022864946,6312123.711145059
1177,7/29/2017,0,0,0,Saturday,Day,Collision with a fixed obstacle,The driver of the motor vehicle,No,Clear,Parking slot adjacent to the road,Passenger car without a trailer,"Private, not used for business activity",No,0,1844109.135606777,6304864.971650489
1178,7/29/2017,0,0,0,Saturday,Day,Collision with a fixed obstacle,The driver of the motor vehicle,No,Clear,Parking slot adjacent to the road,Passenger car without a trailer,"Private, not used for business activity",No,0,1844212.0001596056,6305025.554646149
1179,7/29/2017,0,0,0,Saturday,Night,Other collisions,The driver of the motor vehicle,No,Clear,Parking slot adjacent to the road,Passenger car without a trailer,"Private, not used for business activity",No,0,1837245.336327166,6314929.6523806
1180,7/29/2017,0,0,0,Saturday,Day,Collision with a fixed obstacle,The driver of the motor vehicle,Not tested,Clear,Near the pedestrian crossing,Passenger car without a trailer,Private company,No,5000,1840287.30839233,6313622.1235527685
1181,7/29/2017,0,1,1,Saturday,Night,Crash,Driver of a non-motorized vehicle,No,Clear,None or none of listed,Bicycle,"Private, not used for business activity",No,5000,1844838.0115499722,6309894.64838802
1182,7/29/2017,0,0,0,Saturday,Night,Other collisions,The driver of the motor vehicle,Not tested,Clear,None or none of listed,"Not identified, the driver has fled",Not identified,No,0,1844017.6294268728,6304812.52436838
1183,7/28/2017,0,0,1,Friday,Day,Collision with pedestrian,Pedestrian,No,Clear,Near the pedestrian crossing,Passenger car without a trailer,"Private, not used for business activity",No,15000,1848232.04786873,6310612.249873477
1184,7/28/2017,0,0,0,Friday,Day,Collision with a parked vehicle,The driver of the motor vehicle,No,Clear,Parking slot adjacent to the road,Truck,Private company,No,5000,1848014.4055738072,6310234.6440898115
1185,7/28/2017,0,0,1,Friday,Day,Collision with a non rail vehicle ,The driver of the motor vehicle,Not tested,Clear,Near the pedestrian crossing,"Not identified, the driver has fled",Not identified,No,0,1846510.4803663865,6307076.243851739
1186,7/28/2017,0,0,0,Friday,Day,Collision with a non rail vehicle ,The driver of the motor vehicle,No,Clear,Parking slot adjacent to the road,Passenger car without a trailer,"Private, not used for business activity",No,20000,1849871.593834428,6311670.486250332
1187,7/27/2017,0,0,0,Thursday,Night,Collision with a parked vehicle,The driver of the motor vehicle,Not tested,Clear,Parking slot adjacent to the road,"Not identified, the driver has fled",Not identified,No,0,1840452.1435038066,6312855.047629516
1188,7/27/2017,0,0,0,Thursday,Day,Collision with a parked vehicle,The driver of the motor vehicle,Not tested,Clear,Parking slot adjacent to the road,Passenger car without a trailer,Private company,No,30000,1848249.744996101,6307445.479709194
1189,7/27/2017,0,0,0,Thursday,Day,Collision with a tram,The driver of the motor vehicle,No,Clear,Pedestrian crossing,Passenger car without a trailer,"Private, not used for business activity",No,0,1847280.348821514,6306654.644964795
1190,7/27/2017,0,0,2,Thursday,Night,Collision with pedestrian,The driver of the motor vehicle,No,Rain,Pedestrian crossing,Passenger car without a trailer,"Private, not used for business activity",No,1000,1849579.6291927928,6306481.853832091
1191,7/27/2017,0,0,0,Thursday,Night,Collision with a parked vehicle,The driver of the motor vehicle,Not tested,Clear,Parking slot adjacent to the road,"Not identified, the driver has fled",Not identified,No,0,1848709.8747604578,6311880.84047763
1192,7/26/2017,0,0,1,Wednesday,Day,Collision with pedestrian,The driver of the motor vehicle,No,Clear,None or none of listed,Truck,"Private, used for business activity",No,0,1848720.207101634,6308233.679239598
1193,7/26/2017,0,0,0,Wednesday,Day,Collision with a tram,The driver of the motor vehicle,No,Clear,Near the pedestrian crossing,Passenger car without a trailer,Private company,No,250000,1847696.1080839937,6309262.410074219
1194,7/26/2017,0,0,0,Wednesday,Day,Collision with a non rail vehicle ,The driver of the motor vehicle,No,Clear,None or none of listed,Truck,Private company,No,30000,1848666.097146189,6311059.394739951
1195,7/26/2017,0,0,0,Wednesday,Day,Collision with a parked vehicle,The driver of the motor vehicle,Not tested,Clear,Parking slot adjacent to the road,Passenger car without a trailer,"Private, not used for business activity",No,0,1849134.495833638,6307078.534253267
1196,7/26/2017,0,0,0,Wednesday,Night,Collision with a parked vehicle,The driver of the motor vehicle,Not tested,Clear,None or none of listed,"Not identified, the driver has fled",Not identified,No,0,1845727.8110603772,6310594.788539274
1197,7/25/2017,0,1,0,Tuesday,Day,Crash,Driver of a non-motorized vehicle,Not tested,Clear,None or none of listed,Bicycle,Private company,No,2000,1848800.5959153129,6308202.45677402
1198,7/25/2017,0,0,0,Tuesday,Day,Collision with a non rail vehicle ,The driver of the motor vehicle,No,Clear,None or none of listed,Passenger car without a trailer,"Private, not used for business activity",No,0,1844911.558556424,6310757.098568073
1199,7/25/2017,0,0,0,Tuesday,Night,Collision with a parked vehicle,The driver of the motor vehicle,Not tested,Clear,Parking slot adjacent to the road,"Not identified, the driver has fled",Not identified,No,0,1850297.9179845022,6307799.045728317
1200,7/25/2017,0,0,0,Tuesday,Day,Collision with a fixed obstacle,Other,Not tested,Clear,None or none of listed,Passenger car without a trailer,"Private, used for business activity",No,30000,1849143.4932314812,6308755.257327466
1201,7/25/2017,0,0,1,Tuesday,Day,Collision with a fixed obstacle,The driver of the motor vehicle,No,Clear,None or none of listed,Passenger car without a trailer,Private company,No,400000,1853857.4718032184,6298848.623933573
1202,7/25/2017,0,0,1,Tuesday,Day,Collision with a non rail vehicle ,The driver of the motor vehicle,No,Clear,None or none of listed,Passenger car without a trailer,Private company,No,150000,1855206.0745949277,6307341.828464346
1203,7/25/2017,0,0,0,Tuesday,Day,Collision with a parked vehicle,The driver of the motor vehicle,Not tested,Clear,"Bus stop, trolleybus, tramway without boarding. islet","Not identified, the driver has fled",Not identified,No,0,1845600.4531026285,6307273.018474938
1204,7/25/2017,0,0,0,Tuesday,Night,Collision with a parked vehicle,The driver of the motor vehicle,Not tested,Clear,"Exit from the car park, forest roads, etc.","Not identified, the driver has fled",Not identified,No,0,1845144.1017444294,6311930.906098224
1205,7/24/2017,0,0,0,Monday,Day,Collision with a non rail vehicle ,The driver of the motor vehicle,Not tested,Rain,None or none of listed,"Not identified, the driver has fled",Not identified,No,0,1851480.1615895813,6299447.054837041
1206,7/24/2017,0,0,0,Monday,Day,Collision with a fixed obstacle,The driver of the motor vehicle,No,Rain,Gas station,Passenger car without a trailer,"Private, not used for business activity",No,90000,1847761.0933970879,6302385.406492628
1207,7/24/2017,0,0,0,Monday,Night,Collision with a parked vehicle,The driver of the motor vehicle,Not tested,Clear,Gas station,"Not identified, the driver has fled",Not identified,No,0,1855209.1594806588,6309544.291916963
1208,7/24/2017,0,0,0,Monday,Day,Collision with a parked vehicle,The driver of the motor vehicle,No,Clear,Near the pedestrian crossing,Truck,Registered outside of the Czech Republic,No,5000,1847972.504694837,6308997.973843863
1209,7/24/2017,0,0,1,Monday,Day,Collision with a non rail vehicle ,The driver of the motor vehicle,No,Rain,Near the pedestrian crossing,Passenger car without a trailer,"Private, not used for business activity",No,30000,1843997.3569230833,6304473.311652553
1210,7/24/2017,0,0,0,Monday,Night,Collision with a parked vehicle,The driver of the motor vehicle,Not tested,Rain,None or none of listed,"Not identified, the driver has fled",Not identified,No,0,1843636.6463733155,6303450.3196773995
1211,7/23/2017,0,0,1,Sunday,Day,Crash,Driver of a non-motorized vehicle,No,Clear,None or none of listed,Bicycle,"Private, not used for business activity",Yes,1000,1842649.5132189775,6310913.056443926
1212,7/23/2017,0,0,0,Sunday,Day,Collision with a parked vehicle,The driver of the motor vehicle,Under influence of alcohol,Clear,Parking slot adjacent to the road,Passenger car without a trailer,"Private, not used for business activity",No,60000,1847048.603015023,6307223.396474257
1213,7/23/2017,0,0,0,Sunday,Day,Collision with a non rail vehicle ,The driver of the motor vehicle,No,Clear,None or none of listed,Truck with semi-trailer,Private company,No,0,1851505.1013856656,6302664.302923992
1214,7/23/2017,0,0,1,Sunday,Night,Collision with pedestrian,The driver of the motor vehicle,No,Clear,Pedestrian crossing,Passenger car without a trailer,Private company,No,10000,1840284.3024321184,6313616.499553271
1215,7/22/2017,0,0,0,Saturday,Night,Collision with a parked vehicle,The driver of the motor vehicle,Not tested,Clear,Parking slot adjacent to the road,"Not identified, the driver has fled",Not identified,No,0,1848083.535088911,6310253.044220513
1216,7/22/2017,0,0,0,Saturday,Night,Collision with a parked vehicle,The driver of the motor vehicle,Not tested,Clear,Parking slot adjacent to the road,"Not identified, the driver has fled",Not identified,No,0,1850424.309021154,6312109.331286414
1217,7/22/2017,0,0,0,Saturday,Night,Collision with a parked vehicle,The driver of the motor vehicle,Not tested,Clear,Near the pedestrian crossing,"Not identified, the driver has fled",Not identified,No,0,1844859.0444771978,6303514.975371461
1218,7/22/2017,0,0,0,Saturday,Night,Other collisions,The driver of the motor vehicle,Not tested,Clear,Parking slot adjacent to the road,"Not identified, the driver has fled",Not identified,No,0,1853606.6383776024,6307270.8552585365
1219,7/21/2017,0,0,0,Friday,Night,Collision with a parked vehicle,The driver of the motor vehicle,Not tested,Clear,Gas station,"Not identified, the driver has fled",Not identified,No,0,1851151.8231930174,6300955.367538199
1220,7/21/2017,0,0,0,Friday,Night,Collision with a parked vehicle,The driver of the motor vehicle,No,Rain,Pedestrian crossing,Passenger car without a trailer,"Private, not used for business activity",No,40000,1847391.332906676,6312787.297240125
1221,7/21/2017,0,0,0,Friday,Day,Crash,The driver of the motor vehicle,No,Clear,None or none of listed,Passenger car without a trailer,"Private, not used for business activity",No,10000,1848318.7136545393,6312264.337448828
1222,7/21/2017,0,0,0,Friday,Day,Crash,The driver of the motor vehicle,Under influence of alcohol,Clear,None or none of listed,Passenger car without a trailer,"Private, not used for business activity",No,20000,1858538.6845960312,6299414.123176335
1223,7/21/2017,0,0,0,Friday,Day,Other collisions,The driver of the motor vehicle,No,Clear,None or none of listed,Truck,Private company,No,20000,1848676.207627619,6307448.018730665
1224,7/21/2017,0,0,0,Friday,Day,Collision with a parked vehicle,The driver of the motor vehicle,Not tested,Clear,Parking slot adjacent to the road,Passenger car without a trailer,"Private, not used for business activity",No,0,1848495.0053227304,6305050.603161785
1225,7/21/2017,0,0,1,Friday,Day,Crash,Driver of a non-motorized vehicle,No,Clear,Near the pedestrian crossing,Bicycle,"Private, not used for business activity",No,5000,1852894.1127072528,6308058.74085636
1226,7/21/2017,0,0,0,Friday,Day,Collision with a parked vehicle,The driver of the motor vehicle,Not tested,Clear,None or none of listed,Passenger car without a trailer,"Private, not used for business activity",No,0,1853759.1024427493,6296773.295988373
1227,7/21/2017,0,0,0,Friday,Day,Collision with a non rail vehicle ,The driver of the motor vehicle,No,Clear,None or none of listed,Passenger car without a trailer,"Private, not used for business activity",No,70000,1844947.4022079494,6311992.781268402
1228,7/21/2017,0,0,0,Friday,Night,Collision with a parked vehicle,The driver of the motor vehicle,Not tested,Clear,None or none of listed,"Not identified, the driver has fled",Not identified,No,0,1847391.9298017886,6307757.415619174
1229,7/20/2017,0,0,0,Thursday,Night,Collision with a fixed obstacle,The driver of the motor vehicle,Not tested,Clear,None or none of listed,"Not identified, the driver has fled",Not identified,No,0,1856914.9200605848,6311069.509688532
1230,7/20/2017,0,0,1,Thursday,Day,Collision with a non rail vehicle ,The driver of the motor vehicle,No,Clear,None or none of listed,Motorbike,"Private, not used for business activity",No,30000,1851068.2358364074,6303212.240451702
1231,7/20/2017,0,0,0,Thursday,Day,Collision with a non rail vehicle ,The driver of the motor vehicle,Not tested,Clear,None or none of listed,"Not identified, the driver has fled",Not identified,No,0,1848383.6165912147,6312374.950362452
1232,7/20/2017,0,0,0,Thursday,Night,Collision with a parked vehicle,The driver of the motor vehicle,Not tested,Clear,None or none of listed,"Not identified, the driver has fled",Not identified,No,0,1847573.530407817,6304916.566985479
1233,7/20/2017,0,0,0,Thursday,Day,Collision with a fixed obstacle,The driver of the motor vehicle,No,Clear,None or none of listed,Passenger car without a trailer,"Private, not used for business activity",No,0,1848898.0039206634,6311884.923014423
1234,7/20/2017,0,0,0,Thursday,Day,Collision with a fixed obstacle,The driver of the motor vehicle,No,Clear,None or none of listed,Truck,"Private, not used for business activity",Yes,30000,1849946.314148313,6312350.520556714
1235,7/20/2017,0,0,0,Thursday,Day,Collision with a parked vehicle,The driver of the motor vehicle,No,Clear,"Exit from the car park, forest roads, etc.",Passenger car without a trailer,"Private, not used for business activity",No,0,1856986.2191925638,6305373.522582248
1236,7/20/2017,0,0,0,Thursday,Night,Collision with a parked vehicle,The driver of the motor vehicle,Not tested,Clear,None or none of listed,"Not identified, the driver has fled",Not identified,No,0,1845039.6232816249,6319508.195368776
1237,7/19/2017,1,0,0,Wednesday,Day,Collision with a tram,The driver of the motor vehicle,No,Clear,"Bus, trolleybus, tram stop. islet",Tram,Public transport,No,50000,1850797.2241946133,6308888.832065731
1238,7/19/2017,0,0,0,Wednesday,Day,Collision with a non rail vehicle ,The driver of the motor vehicle,No,Clear,None or none of listed,Passenger car without a trailer,Registered outside of the Czech Republic,No,60000,1849495.220075704,6308489.364791339
1239,7/19/2017,0,0,0,Wednesday,Night,Collision with a parked vehicle,The driver of the motor vehicle,Not tested,Clear,None or none of listed,"Not identified, the driver has fled",Not identified,No,0,1851574.7038972825,6312743.681531098
1240,7/19/2017,0,0,0,Wednesday,Night,Collision with a parked vehicle,The driver of the motor vehicle,Not tested,Clear,"Exit from the car park, forest roads, etc.","Not identified, the driver has fled",Not identified,No,0,1853717.094363104,6308046.104628542
1241,7/19/2017,0,0,1,Wednesday,Day,Crash,Driver of a non-motorized vehicle,No,Clear,None or none of listed,Bicycle,"Private, not used for business activity",No,0,1850772.3707824578,6301196.679650101
1242,7/19/2017,0,0,0,Wednesday,Day,Collision with a non rail vehicle ,The driver of the motor vehicle,Not tested,Clear,None or none of listed,"Not identified, the driver has fled",Not identified,No,0,1843720.5116946907,6304637.818411485
1243,7/19/2017,0,0,0,Wednesday,Day,Collision with a parked vehicle,The driver of the motor vehicle,Not tested,Clear,None or none of listed,"Not identified, the driver has fled",Not identified,No,0,1846414.8746235976,6313744.639477668
1244,7/18/2017,0,0,1,Tuesday,Day,Collision with a non rail vehicle ,The driver of the motor vehicle,No,Clear,Pedestrian crossing,Passenger car without a trailer,"Private, not used for business activity",No,30000,1852679.8393854033,6306875.093770653
1245,7/18/2017,0,0,1,Tuesday,Day,Collision with pedestrian,Pedestrian,No,Clear,"Bus, trolleybus, tram stop. islet",Truck,Private company,No,0,1849302.0404615244,6307356.862956487
1246,7/18/2017,0,0,0,Tuesday,Day,Collision with a non rail vehicle ,The driver of the motor vehicle,No,Clear,None or none of listed,Passenger car without a trailer,"Private, not used for business activity",No,80000,1858871.29621389,6310846.045549686
1247,7/18/2017,0,0,1,Tuesday,Day,Crash,Driver of a non-motorized vehicle,No,Clear,None or none of listed,Bicycle,"Private, not used for business activity",No,2000,1838882.3861759198,6311998.694421992
1248,7/18/2017,0,0,0,Tuesday,Night,Collision with a fixed obstacle,The driver of the motor vehicle,Not tested,Clear,None or none of listed,"Not identified, the driver has fled",Not identified,No,0,1848480.0016817614,6308815.8266834365