OBJECTID,Date,Dead,Serious injuries,Light injuries,Day of the week,Day/Night,Type of the accident,Cause of the accident,Alcohol or drugs,Weather conditions,Place,Vehicle type,Vehicle characteristic,Skid,Total damage in Czk,x,y
1249,7/18/2017,0,0,0,Tuesday,Day,Collision with a non rail vehicle ,The driver of the motor vehicle,No,Clear,"Bus stop, trolleybus, tramway without boarding. islet",Passenger car without a trailer,Private company,No,150000,1850507.9645052871,6304346.555645839
1250,7/18/2017,0,0,1,Tuesday,Day,Collision with a non rail vehicle ,The driver of the motor vehicle,No,Clear,Near the pedestrian crossing,Passenger car without a trailer,"Private, not used for business activity",No,5000,1850833.233823491,6307299.572427431
1251,7/18/2017,0,0,0,Tuesday,Night,Collision with a parked vehicle,Technical defect of the vehicle,Not tested,Clear,None or none of listed,Tram,Public transport,No,500000,1848780.1233704004,6308966.596068195
1252,7/17/2017,0,0,0,Monday,Day,Collision with a non rail vehicle ,The driver of the motor vehicle,No,Clear,None or none of listed,Truck with trailer,Private company,No,0,1854985.8765158185,6307119.544417971
1253,7/17/2017,0,0,1,Monday,Day,Collision with a non rail vehicle ,The driver of the motor vehicle,No,Clear,None or none of listed,Passenger car without a trailer,"Private, not used for business activity",No,20000,1849252.7130140439,6306985.355934354
1254,7/17/2017,0,0,0,Monday,Day,Crash,The driver of the motor vehicle,No,Clear,Near the pedestrian crossing,Passenger car without a trailer,"Private, not used for business activity",No,0,1840244.3349500627,6313540.642832667
1255,7/17/2017,0,0,1,Monday,Day,Collision with a non rail vehicle ,The driver of the motor vehicle,No,Clear,None or none of listed,Passenger car without a trailer,Private company,No,0,1844503.6453142958,6307810.4983838815
1256,7/17/2017,0,0,1,Monday,Day,Collision with a non rail vehicle ,The driver of the motor vehicle,No,Clear,None or none of listed,Passenger car without a trailer,"Private, not used for business activity",No,50000,1855755.731946558,6306338.896195683
1257,7/17/2017,0,0,1,Monday,Day,Crash,The driver of the motor vehicle,No,Clear,None or none of listed,Motorbike,"Private, not used for business activity",No,20000,1847199.3409601443,6308595.302738502
1258,7/17/2017,0,0,0,Monday,Day,Collision with a non rail vehicle ,The driver of the motor vehicle,Not tested,Clear,Parking slot adjacent to the road,"Not identified, the driver has fled",Not identified,No,0,1849252.4412831676,6308712.21445901
1259,7/17/2017,0,0,0,Monday,Night,Collision with a parked vehicle,The driver of the motor vehicle,Not tested,Clear,None or none of listed,"Not identified, the driver has fled",Not identified,No,0,1851150.7099981061,6307113.380897903
1260,7/16/2017,0,0,1,Sunday,Day,Collision with a non rail vehicle ,The driver of the motor vehicle,No,Clear,Pedestrian crossing,Passenger car without a trailer,"Private, not used for business activity",No,20000,1840824.401001715,6313025.659266415
1261,7/15/2017,0,0,1,Saturday,Night,Collision with a non rail vehicle ,The driver of the motor vehicle,No,Other dificult,None or none of listed,Passenger car without a trailer,Registered outside of the Czech Republic,No,30000,1850891.9270250124,6301905.734253436
1262,7/15/2017,0,0,0,Saturday,Night,Collision with a parked vehicle,The driver of the motor vehicle,Not tested,Clear,None or none of listed,"Not identified, the driver has fled",Not identified,No,0,1853927.1366537488,6300601.537703011
1263,7/15/2017,0,0,0,Saturday,Day,Collision with a fixed obstacle,The driver of the motor vehicle,No,Clear,Parking slot adjacent to the road,Passenger car without a trailer,"Private, not used for business activity",No,0,1844093.4401151687,6304883.192841167
1264,7/15/2017,0,0,0,Saturday,Night,Collision with a parked vehicle,The driver of the motor vehicle,Not tested,Clear,Parking slot adjacent to the road,"Not identified, the driver has fled",Not identified,No,0,1837788.3432297816,6311611.785299576
1265,7/15/2017,0,0,0,Saturday,Night,Collision with a fixed obstacle,The driver of the motor vehicle,No,Clear,Parking slot adjacent to the road,Passenger car without a trailer,"Private, not used for business activity",Yes,40000,1851136.3591346317,6301180.2238331875
1266,7/14/2017,0,0,0,Friday,Day,Collision with a non rail vehicle ,The driver of the motor vehicle,No,Clear,"Bridge, overpass, underpass, tunnel",Passenger car without a trailer,"Private, not used for business activity",No,20000,1844981.5359920883,6310851.2832674105
1267,7/14/2017,0,0,0,Friday,Night,Collision with a parked vehicle,The driver of the motor vehicle,Not tested,Clear,Parking slot adjacent to the road,"Not identified, the driver has fled",Not identified,No,0,1847006.179713677,6309806.358566277
1268,7/14/2017,0,0,1,Friday,Day,Collision with a non rail vehicle ,The driver of the motor vehicle,No,Clear,Pedestrian crossing,Passenger car without a trailer,"Private, not used for business activity",No,0,1849946.543911742,6306367.721233447
1269,7/14/2017,0,0,0,Friday,Night,Collision with a parked vehicle,The driver of the motor vehicle,Not tested,Clear,Parking slot adjacent to the road,"Not identified, the driver has fled",Not identified,No,0,1847243.5302338905,6310529.127342037
1270,7/13/2017,0,0,1,Thursday,Day,Crash,The driver of the motor vehicle,No,Clear,Parking slot adjacent to the road,Motorbike,"Private, not used for business activity",No,1000,1857065.5262034307,6309765.900140129
1271,7/13/2017,0,0,0,Thursday,Day,Collision with a non rail vehicle ,The driver of the motor vehicle,No,Clear,Pedestrian crossing,Passenger car without a trailer,"Private, not used for business activity",No,50000,1847545.2189670012,6310924.637559106
1272,7/13/2017,0,0,0,Thursday,Day,Collision with a non rail vehicle ,The driver of the motor vehicle,Not tested,Clear,None or none of listed,Passenger car without a trailer,Registered outside of the Czech Republic,No,5000,1850087.6825545332,6305979.560667494
1273,7/13/2017,0,0,0,Thursday,Day,Collision with a parked vehicle,The driver of the motor vehicle,Not tested,Clear,None or none of listed,"Not identified, the driver has fled",Not identified,No,0,1854687.9968017247,6307367.399125491
1274,7/13/2017,0,0,0,Thursday,Night,Collision with wildlife animals,"Forest animals, pets",Not tested,Clear,None or none of listed,Passenger car without a trailer,"Private, not used for business activity",No,90000,1839114.9948197834,6310243.997588213
1275,7/13/2017,0,0,0,Thursday,Day,Collision with a parked vehicle,The driver of the motor vehicle,Not tested,Clear,None or none of listed,Truck,Private company,No,0,1846139.4431527331,6309884.376903228
1276,7/13/2017,0,0,0,Thursday,Day,Collision with a parked vehicle,The driver of the motor vehicle,Not tested,Clear,None or none of listed,Other motor vehicle,Private company,No,1000,1855834.3866252105,6308095.261823014
1277,7/13/2017,0,0,0,Thursday,Night,Collision with a parked vehicle,The driver of the motor vehicle,Not tested,Clear,None or none of listed,Passenger car without a trailer,"Private, not used for business activity",No,0,1854627.2765835938,6310538.461060444
1278,7/13/2017,0,0,0,Thursday,Day,Collision with a parked vehicle,The driver of the motor vehicle,Not tested,Clear,Parking slot adjacent to the road,Passenger car without a trailer,"Private, not used for business activity",No,10000,1844805.4399122428,6317327.20210268
1279,7/12/2017,0,0,0,Wednesday,Day,Collision with a non rail vehicle ,The driver of the motor vehicle,No,Clear,None or none of listed,Truck,"Private, not used for business activity",No,50000,1840155.6194384736,6303739.76288747
1280,7/12/2017,0,0,0,Wednesday,Night,Collision with a non rail vehicle ,The driver of the motor vehicle,No,Clear,None or none of listed,Passenger car without a trailer,"Private, not used for business activity",No,110000,1840170.1783580782,6303735.640367833
1281,7/12/2017,0,0,0,Wednesday,Day,Collision with a fixed obstacle,The driver of the motor vehicle,Not tested,Clear,None or none of listed,"Not identified, the driver has fled",Not identified,No,0,1855835.5249783262,6302621.41440396
1282,7/12/2017,0,0,1,Wednesday,Day,Collision with a non rail vehicle ,The driver of the motor vehicle,No,Clear,Pedestrian crossing,Passenger car without a trailer,"Private, not used for business activity",No,20000,1838970.0110904619,6312037.311186887
1283,7/12/2017,0,0,0,Wednesday,Day,Collision with a fixed obstacle,The driver of the motor vehicle,No,Clear,Parking slot adjacent to the road,Truck,Private company,No,50000,1844784.0199271408,6306756.250370637
1284,7/12/2017,0,0,0,Wednesday,Day,Collision with a fixed obstacle,The driver of the motor vehicle,No,Clear,"Bridge, overpass, underpass, tunnel",Truck,Private company,No,300000,1851663.362747249,6304817.52607189
1285,7/12/2017,0,0,1,Wednesday,Day,Collision with a non rail vehicle ,The driver of the motor vehicle,No,Clear,"Bus, trolleybus, tram stop. islet",Passenger car without a trailer,"Private, not used for business activity",No,20000,1846275.3681471753,6303805.230056677
1286,7/12/2017,0,0,1,Wednesday,Day,Collision with a non rail vehicle ,The driver of the motor vehicle,No,Clear,Pedestrian crossing,Passenger car without a trailer,"Private, not used for business activity",No,10000,1850069.8977074074,6306712.9659780115
1287,7/12/2017,0,0,0,Wednesday,Day,Collision with a parked vehicle,The driver of the motor vehicle,Not tested,Clear,Parking slot adjacent to the road,Truck,Private company,No,20000,1849997.2729829347,6311675.935802811
1288,7/12/2017,0,0,0,Wednesday,Night,Other collisions,The driver of the motor vehicle,Not tested,Clear,None or none of listed,Truck,Private company,No,0,1852144.0644648226,6302426.27636741
1289,7/11/2017,0,0,1,Tuesday,Day,Collision with a fixed obstacle,The driver of the motor vehicle,No,Rain,None or none of listed,Passenger car without a trailer,"Private, not used for business activity",Yes,20000,1840095.455817795,6315354.771198474
1290,7/11/2017,0,0,0,Tuesday,Day,Crash,The driver of the motor vehicle,No,Clear,Near the pedestrian crossing,Passenger car without a trailer,"Private, not used for business activity",No,5000,1851138.8716155386,6312224.86305099
1291,7/11/2017,0,0,0,Tuesday,Day,Collision with a fixed obstacle,Road defect,Not tested,Clear,None or none of listed,Truck,Private company,No,1000,1848893.4187821571,6308216.466436387
1292,7/11/2017,0,0,0,Tuesday,Day,Collision with a non rail vehicle ,The driver of the motor vehicle,No,Clear,Near the pedestrian crossing,Passenger car without a trailer,"Private, not used for business activity",No,20000,1851336.2785873872,6307095.657864685
1293,7/11/2017,0,0,0,Tuesday,Night,Collision with a parked vehicle,The driver of the motor vehicle,Not tested,Clear,"Bus stop, trolleybus, tramway without boarding. islet","Not identified, the driver has fled",Not identified,No,0,1846911.2101617765,6312714.70326
1294,7/10/2017,0,0,0,Monday,Night,Collision with wildlife animals,"Forest animals, pets",Not tested,Clear,"Exit from the car park, forest roads, etc.",Passenger car without a trailer,"Private, not used for business activity",No,10000,1835951.7820255316,6311122.058470746
1295,7/10/2017,0,0,0,Monday,Night,Collision with a parked vehicle,The driver of the motor vehicle,Not tested,Clear,Parking slot adjacent to the road,"Not identified, the driver has fled",Not identified,No,0,1845021.264805161,6304293.967539448
1296,7/10/2017,0,0,0,Monday,Day,Collision with a fixed obstacle,The driver of the motor vehicle,No,Clear,Parking slot adjacent to the road,Truck,Private company,No,0,1848410.3692252021,6307188.939431114
1297,7/10/2017,0,1,0,Monday,Day,Collision with pedestrian,The driver of the motor vehicle,No,Clear,None or none of listed,Truck,Private company,No,10000,1849728.4310693343,6308268.3592872685
1298,7/10/2017,0,0,0,Monday,Day,Collision with a parked vehicle,The driver of the motor vehicle,Not tested,Clear,None or none of listed,Passenger car without a trailer,"Private, not used for business activity",No,10000,1851488.566545095,6307194.960439849
1299,7/10/2017,0,0,0,Monday,Day,Collision with a fixed obstacle,The driver of the motor vehicle,No,Clear,None or none of listed,Passenger car without a trailer,"Private, not used for business activity",No,1000,1855221.9260451389,6300150.778724126
1300,7/10/2017,0,0,0,Monday,Day,Collision with a non rail vehicle ,The driver of the motor vehicle,No,Clear,Parking slot adjacent to the road,Passenger car without a trailer,Private company,No,50000,1848390.953992813,6309011.589406784
1301,7/10/2017,0,0,0,Monday,Day,Collision with a non rail vehicle ,The driver of the motor vehicle,Under influence of alcohol,Clear,Pedestrian crossing,Truck,Private company,No,0,1857057.9780740375,6304211.967921988
1302,7/10/2017,0,0,1,Monday,Day,Collision with a non rail vehicle ,The driver of the motor vehicle,No,Clear,None or none of listed,Passenger car without a trailer,"Private, not used for business activity",No,20000,1851852.7203180357,6311087.228813338
1303,7/10/2017,0,0,0,Monday,Day,Collision with a non rail vehicle ,The driver of the motor vehicle,No,Clear,None or none of listed,Passenger car without a trailer,"Private, not used for business activity",No,20000,1844741.8475399308,6310338.87687056
1304,7/10/2017,0,0,0,Monday,Night,Collision with a fixed obstacle,The driver of the motor vehicle,No,Rain,Gas station,Passenger car without a trailer,"Private, not used for business activity",Yes,30000,1847910.3332045071,6301295.748499738
1305,7/9/2017,0,0,1,Sunday,Day,Crash,Driver of a non-motorized vehicle,No,Clear,None or none of listed,Bicycle,"Private, not used for business activity",No,2000,1855516.4117392795,6309863.080020268
1306,7/9/2017,0,0,0,Sunday,Night,Collision with wildlife animals,"Forest animals, pets",Not tested,Clear,None or none of listed,Passenger car without a trailer,"Private, not used for business activity",No,10000,1846504.0346339145,6304292.210845206
1307,7/8/2017,0,0,0,Saturday,Night,Crash,The driver of the motor vehicle,Not tested,"At the beginning of the rain, light rain, drizzle, etc.",None or none of listed,Passenger car without a trailer,"Private, not used for business activity",No,50000,1843466.3490370638,6310239.410293518
1308,7/8/2017,0,0,1,Saturday,Day,Collision with pedestrian,Pedestrian,No,Clear,"Bus, trolleybus, tram stop. islet",Passenger car without a trailer,"Private, not used for business activity",No,10000,1850085.4375743621,6308547.438027216
1309,7/8/2017,0,0,0,Saturday,Day,Collision with a fixed obstacle,The driver of the motor vehicle,No,Clear,Parking slot adjacent to the road,Passenger car without a trailer,Private company,No,0,1848466.6126186848,6307964.695539042
1310,7/8/2017,0,0,0,Saturday,Day,Collision with a fixed obstacle,The driver of the motor vehicle,No,Clear,None or none of listed,Passenger car without a trailer,Registered outside of the Czech Republic,No,10000,1840452.5154222278,6304425.473922847
1311,7/8/2017,0,0,0,Saturday,Night,Collision with a parked vehicle,The driver of the motor vehicle,Not tested,Clear,Parking slot adjacent to the road,"Not identified, the driver has fled",Not identified,No,0,1850387.2964036597,6313654.828497675
1312,7/8/2017,0,0,0,Saturday,Night,Collision with a parked vehicle,The driver of the motor vehicle,Not tested,Clear,Parking slot adjacent to the road,Passenger car without a trailer,"Private, not used for business activity",No,0,1838715.2754714133,6314082.797997231
1313,7/8/2017,0,0,0,Saturday,Night,Collision with a parked vehicle,The driver of the motor vehicle,Not tested,Clear,None or none of listed,Passenger car without a trailer,"Private, not used for business activity",No,10000,1852041.843338655,6307778.540245058
1314,7/7/2017,0,0,0,Friday,Night,Collision with a fixed obstacle,The driver of the motor vehicle,No,Rain,None or none of listed,Passenger car without a trailer,Private company,Yes,700000,1852463.4306217544,6302178.904479191
1315,7/7/2017,0,0,1,Friday,Night,Crash,The driver of the motor vehicle,No,Clear,None or none of listed,Motorbike,"Private, not used for business activity",No,50000,1847839.8262220253,6312503.485733415
1316,7/7/2017,0,0,0,Friday,Day,Collision with a fixed obstacle,The driver of the motor vehicle,No,Clear,None or none of listed,Passenger car without a trailer,"Private, not used for business activity",Yes,4000,1850603.667429995,6306861.1852962775
1317,7/7/2017,0,0,0,Friday,Night,Collision with a parked vehicle,The driver of the motor vehicle,Not tested,Clear,Parking slot adjacent to the road,"Not identified, the driver has fled",Not identified,No,0,1847136.262104642,6311747.6198070245
1318,7/7/2017,0,0,0,Friday,Night,Collision with a parked vehicle,The driver of the motor vehicle,Not tested,Clear,Parking slot adjacent to the road,"Not identified, the driver has fled",Not identified,No,0,1847644.6250458905,6301581.394415486
1319,7/7/2017,0,1,0,Friday,Night,Collision with pedestrian,Pedestrian,No,Rain,Pedestrian crossing,Passenger car without a trailer,"Private, not used for business activity",No,40000,1852965.4936590593,6308749.561276331
1320,7/7/2017,0,0,0,Friday,Night,Collision with a fixed obstacle,The driver of the motor vehicle,No,Rain,None or none of listed,Passenger car without a trailer,Private company,Yes,150000,1842857.4441128452,6304350.579195127
1321,7/6/2017,0,0,0,Thursday,Night,Collision with a parked vehicle,The driver of the motor vehicle,Not tested,Clear,Parking slot adjacent to the road,Passenger car without a trailer,"Private, not used for business activity",No,5000,1842766.0214225554,6312800.079322758
1322,7/6/2017,0,0,0,Thursday,Day,Collision with a fixed obstacle,The driver of the motor vehicle,Not tested,Clear,Parking slot adjacent to the road,Passenger car without a trailer,"Private, not used for business activity",No,0,1844433.9597583376,6304711.868376881
1323,7/5/2017,0,0,1,Wednesday,Day,Collision with pedestrian,The driver of the motor vehicle,No,Clear,Pedestrian crossing,Passenger car without a trailer,"Private, not used for business activity",No,1000,1847508.9272545304,6304691.492664727
1324,7/5/2017,0,0,0,Wednesday,Day,Collision with a fixed obstacle,The driver of the motor vehicle,No,Clear,None or none of listed,Passenger car without a trailer,"Private, not used for business activity",No,90000,1853320.3879880686,6307272.699613402
1325,7/5/2017,0,0,0,Wednesday,Night,Collision with a parked vehicle,The driver of the motor vehicle,Not tested,Clear,Parking slot adjacent to the road,Truck,"Private, not used for business activity",No,0,1849503.8786170192,6307814.235537308
1326,7/5/2017,0,0,0,Wednesday,Night,Collision with wildlife animals,"Forest animals, pets",Not tested,Clear,None or none of listed,Passenger car without a trailer,"Private, not used for business activity",No,10000,1854401.0463239131,6305118.678774409
1327,7/4/2017,0,0,1,Tuesday,Day,Collision with a non rail vehicle ,The driver of the motor vehicle,No,Clear,None or none of listed,Truck,"Private, used for business activity",No,70000,1850799.5788244815,6303173.04508264
1328,7/4/2017,0,0,0,Tuesday,Day,Collision with a fixed obstacle,The driver of the motor vehicle,No,Clear,Parking slot adjacent to the road,Passenger car without a trailer,Private company,No,0,1843989.4664862566,6304835.685006778
1329,7/4/2017,0,0,2,Tuesday,Day,Collision with a non rail vehicle ,The driver of the motor vehicle,No,Clear,Parking slot adjacent to the road,Passenger car without a trailer,"Private, not used for business activity",No,70000,1850164.8213956817,6299671.40683605
1330,7/4/2017,0,0,0,Tuesday,Night,Collision with a fixed obstacle,The driver of the motor vehicle,No,Clear,Gas station,Truck with semi-trailer,Registered outside of the Czech Republic,No,0,1851475.5441684285,6307258.326669476
1331,7/3/2017,0,0,0,Monday,Day,Collision with a fixed obstacle,The driver of the motor vehicle,No,Clear,None or none of listed,Truck,Private company,No,10000,1848327.946381784,6308996.4277644195
1332,7/3/2017,0,0,1,Monday,Day,Collision with pedestrian,Pedestrian,No,Clear,"Exit from the car park, forest roads, etc.",Passenger car without a trailer,Private company,No,30000,1845432.3889466797,6317317.9708526945
1333,7/3/2017,0,1,0,Monday,Day,Collision with a non rail vehicle ,The driver of the motor vehicle,No,Clear,None or none of listed,Truck,Private company,No,40000,1857846.5338434011,6303397.874556803
1334,7/3/2017,0,0,0,Monday,Day,Collision with a parked vehicle,The driver of the motor vehicle,No,Clear,None or none of listed,Truck,Private company,No,40000,1851709.8732550205,6307315.212036867
1335,7/3/2017,0,0,0,Monday,Day,Crash,The driver of the motor vehicle,Not tested,Clear,"Bus, trolleybus, tram stop. islet",Passenger car without a trailer,Private company,No,20000,1847573.9686726497,6308626.067882005
1336,7/2/2017,0,0,0,Sunday,Day,Collision with a non rail vehicle ,The driver of the motor vehicle,No,Rain,None or none of listed,Passenger car without a trailer,Registered outside of the Czech Republic,No,30000,1851548.291789617,6302648.639256411
1337,7/2/2017,0,0,0,Sunday,Night,Collision with a parked vehicle,The driver of the motor vehicle,Not tested,Clear,None or none of listed,"Not identified, the driver has fled",Not identified,No,0,1845887.0069490932,6313946.15752989
1338,7/2/2017,0,0,2,Sunday,Day,Collision with a non rail vehicle ,The driver of the motor vehicle,No,Clear,Pedestrian crossing,Passenger car without a trailer,"Private, not used for business activity",No,40000,1849651.0594591307,6308266.013538576
1339,7/2/2017,0,0,0,Sunday,Night,Collision with a parked vehicle,The driver of the motor vehicle,Not tested,Clear,Parking slot adjacent to the road,"Not identified, the driver has fled",Not identified,No,0,1848416.7932503752,6306305.609068605
1340,7/2/2017,0,0,0,Sunday,Night,Crash,The driver of the motor vehicle,Under influence of drugs,Clear,Parking slot adjacent to the road,Motorbike,"Private, not used for business activity",No,5000,1853733.728723291,6296972.181736511
1341,7/1/2017,0,0,1,Saturday,Day,Crash,The driver of the motor vehicle,Under influence of alcohol,Clear,None or none of listed,Passenger car without a trailer,"Private, not used for business activity",Yes,20000,1855238.721929907,6295834.006608403
1342,7/1/2017,0,0,0,Saturday,Night,Collision with a fixed obstacle,The driver of the motor vehicle,Not tested,Clear,Parking slot adjacent to the road,"Not identified, the driver has fled",Not identified,No,0,1848268.434982008,6307152.831864614
1343,7/1/2017,0,0,0,Saturday,Day,Collision with a parked vehicle,The driver of the motor vehicle,Not tested,Clear,Parking slot adjacent to the road,Passenger car without a trailer,Private company,No,5000,1848989.571103649,6307450.732346907
1344,7/1/2017,0,0,0,Saturday,Day,Collision with a parked vehicle,The driver of the motor vehicle,No,Clear,"Exit from the car park, forest roads, etc.",Passenger car without a trailer,Private company,No,150000,1858463.184155153,6311035.522405215
1345,7/1/2017,0,0,1,Saturday,Night,Collision with a non rail vehicle ,The driver of the motor vehicle,No,Clear,Near the pedestrian crossing,Passenger car without a trailer,"Private, not used for business activity",No,10000,1852699.2334670848,6309199.869722749
1346,7/1/2017,0,0,0,Saturday,Night,Collision with a fixed obstacle,The driver of the motor vehicle,Not tested,Clear,"Exit from the car park, forest roads, etc.",Passenger car without a trailer,"Private, not used for business activity",No,15000,1848953.8907578166,6311994.510425699
1347,7/1/2017,0,0,0,Saturday,Night,Collision with wildlife animals,"Forest animals, pets",Not tested,Clear,"Exit from the car park, forest roads, etc.",Passenger car without a trailer,"Private, not used for business activity",No,25000,1837563.069649806,6306653.292457555
1348,6/30/2017,0,0,0,Friday,Day,Collision with a non rail vehicle ,The driver of the motor vehicle,No,Clear,"Bridge, overpass, underpass, tunnel",Passenger car without a trailer,Private company,No,90000,1858146.414636666,6306133.7440794
1349,6/30/2017,0,0,0,Friday,Night,Collision with a parked vehicle,The driver of the motor vehicle,Not tested,Clear,None or none of listed,"Not identified, the driver has fled",Not identified,No,0,1849994.5169349823,6309324.5164375
1350,6/30/2017,0,0,0,Friday,Day,Collision with a fixed obstacle,Other,Not tested,Clear,"Exit from the car park, forest roads, etc.",Passenger car without a trailer,"Private, not used for business activity",No,75000,1844260.0836117773,6304839.422373822
1351,6/30/2017,0,0,0,Friday,Day,Collision with a parked vehicle,The driver of the motor vehicle,No,Clear,Near the pedestrian crossing,Passenger car without a trailer,Private company,No,3000,1847913.3017613667,6309520.872990114
1352,6/30/2017,0,0,0,Friday,Night,Collision with a parked vehicle,The driver of the motor vehicle,Not tested,Clear,None or none of listed,"Not identified, the driver has fled",Not identified,No,0,1852287.9219748573,6306438.32014489
1353,6/30/2017,0,0,0,Friday,Day,Collision with a non rail vehicle ,The driver of the motor vehicle,No,Clear,"Exit from the car park, forest roads, etc.",Passenger car without a trailer,Registered outside of the Czech Republic,No,5000,1849097.7243341608,6309162.858412766
1354,6/30/2017,0,0,0,Friday,Night,Collision with a parked vehicle,The driver of the motor vehicle,Not tested,Clear,"Exit from the car park, forest roads, etc.","Not identified, the driver has fled",Not identified,No,0,1848325.9877153463,6310241.107398019
1355,6/30/2017,0,0,1,Friday,Day,Collision with a non rail vehicle ,The driver of the motor vehicle,No,Clear,None or none of listed,Passenger car without a trailer,"Private, not used for business activity",No,20000,1853369.7228939587,6303377.94519007
1356,6/30/2017,0,0,0,Friday,Day,Other collisions,Road defect,Not tested,Clear,None or none of listed,Passenger car without a trailer,Private company,No,12000,1844774.6716502653,6309891.58384346
1357,6/30/2017,0,0,0,Friday,Night,Collision with a parked vehicle,The driver of the motor vehicle,Not tested,Clear,Parking slot adjacent to the road,"Not identified, the driver has fled",Not identified,No,0,1848767.1024408846,6309034.234811931
1358,6/30/2017,0,0,0,Friday,Night,Collision with a parked vehicle,The driver of the motor vehicle,Not tested,Clear,None or none of listed,"Not identified, the driver has fled",Not identified,No,0,1845982.9691368933,6314096.342683443
1359,6/30/2017,0,0,0,Friday,Night,Crash,The driver of the motor vehicle,Not tested,Clear,None or none of listed,Truck,Not identified,No,5000,1851078.8987964746,6300673.330958912
1360,6/29/2017,0,1,0,Thursday,Day,Collision with a non rail vehicle ,The driver of the motor vehicle,No,Clear,None or none of listed,Passenger car without a trailer,"Private, not used for business activity",No,10000,1847421.4971490998,6312708.719040761
1361,6/29/2017,0,0,0,Thursday,Day,Collision with a non rail vehicle ,The driver of the motor vehicle,No,Clear,"Bridge, overpass, underpass, tunnel",Truck with semi-trailer,Registered outside of the Czech Republic,No,20000,1844471.2593574815,6308015.434612013
1362,6/29/2017,0,0,0,Thursday,Night,Collision with a parked vehicle,The driver of the motor vehicle,Not tested,Clear,"Bus, trolleybus, tram stop. islet","Not identified, the driver has fled",Not identified,No,0,1849425.9583130518,6307872.158305758
1363,6/29/2017,0,0,0,Thursday,Night,Collision with a parked vehicle,The driver of the motor vehicle,Not tested,Clear,Parking slot adjacent to the road,"Not identified, the driver has fled",Not identified,No,0,1848065.348601064,6309105.307886494
1364,6/29/2017,0,0,0,Thursday,Day,Collision with a parked vehicle,The driver of the motor vehicle,Not tested,Clear,None or none of listed,Passenger car without a trailer,"Private, not used for business activity",No,20000,1848403.157058029,6307859.930160989
1365,6/29/2017,0,0,0,Thursday,Day,Collision with a parked vehicle,The driver of the motor vehicle,Not tested,Clear,Parking slot adjacent to the road,Passenger car without a trailer,"Private, not used for business activity",No,0,1851205.9312560323,6313481.434008488
1366,6/29/2017,0,0,0,Thursday,Day,Collision with a parked vehicle,The driver of the motor vehicle,Not tested,Clear,Parking slot adjacent to the road,Bus,Private company,No,0,1843845.5260431988,6304695.882650823
1367,6/29/2017,0,0,0,Thursday,Day,Collision with a fixed obstacle,The driver of the motor vehicle,No,Clear,Pedestrian crossing,Passenger car without a trailer,"Private, not used for business activity",No,50000,1853349.8199708806,6307140.385038787
1368,6/29/2017,0,0,0,Thursday,Day,Collision with a non rail vehicle ,The driver of the motor vehicle,No,Clear,Gas station,Passenger car without a trailer,Private company,No,0,1851240.0649288527,6303097.604431435
1369,6/29/2017,0,0,0,Thursday,Night,Collision with a fixed obstacle,The driver of the motor vehicle,No,Clear,None or none of listed,Passenger car without a trailer,"Private, not used for business activity",No,30000,1850436.5218824893,6305027.031882576
1370,6/28/2017,0,0,0,Wednesday,Day,Collision with a non rail vehicle ,The driver of the motor vehicle,Not tested,Clear,None or none of listed,"Not identified, the driver has fled",Not identified,No,0,1854173.0145809185,6300635.432556242
1371,6/28/2017,0,0,1,Wednesday,Day,Collision with pedestrian,The driver of the motor vehicle,No,Clear,Pedestrian crossing,Truck,Private company,No,10000,1849216.8679153672,6310035.7464338355
1372,6/28/2017,0,0,0,Wednesday,Day,Collision with a non rail vehicle ,The driver of the motor vehicle,No,Clear,Gas station,Passenger car without a trailer,"Private, not used for business activity",No,15000,1851518.3468465928,6302619.01677168
1373,6/28/2017,0,0,2,Wednesday,Day,Collision with a non rail vehicle ,The driver of the motor vehicle,No,Clear,None or none of listed,Truck,Private company,No,50000,1857388.0319039612,6304000.4723799955