OBJECTID,Date,Dead,Serious injuries,Light injuries,Day of the week,Day/Night,Type of the accident,Cause of the accident,Alcohol or drugs,Weather conditions,Place,Vehicle type,Vehicle characteristic,Skid,Total damage in Czk,x,y
1374,6/28/2017,0,0,0,Wednesday,Day,Collision with a non rail vehicle ,The driver of the motor vehicle,Not tested,Clear,"Exit from the car park, forest roads, etc.","Not identified, the driver has fled",Not identified,No,0,1847816.5451976778,6302794.3364922255
1375,6/28/2017,0,0,0,Wednesday,Night,Collision with a parked vehicle,The driver of the motor vehicle,Not tested,Clear,Parking slot adjacent to the road,"Not identified, the driver has fled",Not identified,No,0,1844751.31158908,6304207.815374142
1376,6/28/2017,0,0,0,Wednesday,Night,Collision with a parked vehicle,The driver of the motor vehicle,Not tested,Clear,Pedestrian crossing,"Not identified, the driver has fled",Not identified,No,0,1845345.163557792,6311896.124223942
1377,6/28/2017,0,0,0,Wednesday,Day,Collision with a non rail vehicle ,The driver of the motor vehicle,Not tested,Clear,"Bridge, overpass, underpass, tunnel","Not identified, the driver has fled",Not identified,No,0,1853327.337329919,6307217.718321304
1378,6/28/2017,0,0,0,Wednesday,Day,Collision with a non rail vehicle ,The driver of the motor vehicle,No,Clear,Pedestrian crossing,Truck,Registered outside of the Czech Republic,No,2000,1847294.9313408479,6306637.610645134
1379,6/28/2017,0,0,0,Wednesday,Night,Collision with a parked vehicle,The driver of the motor vehicle,Not tested,Clear,Parking slot adjacent to the road,Truck,Private company,No,5000,1847673.2909279626,6306235.803726222
1380,6/28/2017,0,0,0,Wednesday,Day,Collision with a parked vehicle,The driver of the motor vehicle,Not tested,Clear,None or none of listed,Truck,Registered outside of the Czech Republic,No,0,1848571.876551818,6306749.811195544
1381,6/28/2017,0,0,0,Wednesday,Day,Collision with a parked vehicle,The driver of the motor vehicle,Not tested,Clear,Parking slot adjacent to the road,Passenger car without a trailer,"Private, not used for business activity",No,10000,1847183.3158515291,6310797.864390943
1382,6/27/2017,0,0,1,Tuesday,Day,Collision with a non rail vehicle ,The driver of the motor vehicle,No,Clear,None or none of listed,Passenger car without a trailer,"Private, not used for business activity",No,80000,1838603.9804709048,6308997.48165391
1383,6/27/2017,0,0,0,Tuesday,Day,Crash,The driver of the motor vehicle,Not tested,Clear,None or none of listed,"Not identified, the driver has fled",Not identified,No,0,1840341.5166428837,6313523.2512808675
1384,6/27/2017,0,0,1,Tuesday,Day,Collision with a non rail vehicle ,The driver of the motor vehicle,No,Clear,Pedestrian crossing,Truck,Private company,No,2000,1848170.3284468555,6306184.179706959
1385,6/27/2017,0,0,0,Tuesday,Day,Collision with a parked vehicle,The driver of the motor vehicle,Not tested,Clear,Parking slot adjacent to the road,Truck,Private company,No,0,1848571.4582131726,6307481.410187635
1386,6/27/2017,0,0,0,Tuesday,Day,Other collisions,Other,Not tested,Clear,None or none of listed,"Not identified, the driver has fled",Not identified,No,0,1856539.5647638878,6298005.028164075
1387,6/27/2017,0,0,0,Tuesday,Day,Crash,The driver of the motor vehicle,No,Clear,None or none of listed,Truck,Private company,No,10000,1842205.4175801207,6312795.667045114
1388,6/27/2017,0,0,1,Tuesday,Day,Collision with pedestrian,The driver of the motor vehicle,No,Clear,Pedestrian crossing,Passenger car without a trailer,"Private, not used for business activity",No,20000,1847916.3391136716,6310016.746332154
1389,6/27/2017,0,0,1,Tuesday,Day,Collision with a non rail vehicle ,The driver of the motor vehicle,No,Clear,None or none of listed,Passenger car without a trailer,"Private, not used for business activity",No,100000,1838875.8699782083,6313024.876737981
1390,6/27/2017,0,0,1,Tuesday,Night,Crash,Driver of a non-motorized vehicle,Under influence of alcohol,Clear,None or none of listed,Bicycle,"Private, not used for business activity",No,5000,1838773.4060642235,6308529.619473438
1391,6/26/2017,0,0,0,Monday,Night,Collision with a non rail vehicle ,The driver of the motor vehicle,No,Clear,Near the pedestrian crossing,Passenger car without a trailer,"Private, not used for business activity",No,110000,1850038.9664736975,6306693.288509557
1392,6/26/2017,0,0,0,Monday,Day,Collision with a non rail vehicle ,The driver of the motor vehicle,No,Clear,"Bridge, overpass, underpass, tunnel",Truck with semi-trailer,Registered outside of the Czech Republic,No,20000,1844525.6714340253,6307374.070086174
1393,6/26/2017,0,0,0,Monday,Day,Collision with a non rail vehicle ,The driver of the motor vehicle,No,Clear,None or none of listed,Truck,"Private, not used for business activity",No,150000,1847611.9348529044,6302639.927811587
1394,6/26/2017,0,0,0,Monday,Night,Collision with a parked vehicle,The driver of the motor vehicle,Not tested,Clear,None or none of listed,"Not identified, the driver has fled",Not identified,No,0,1849911.966630747,6307587.827740968
1395,6/26/2017,0,0,1,Monday,Day,Collision with a non rail vehicle ,The driver of the motor vehicle,No,Clear,None or none of listed,Passenger car without a trailer,Private company,No,20000,1852685.0839805722,6311918.873504511
1396,6/26/2017,0,0,1,Monday,Day,Crash,Driver of a non-motorized vehicle,No,Clear,None or none of listed,Bicycle,"Private, not used for business activity",No,1000,1845224.7982451792,6311135.514384446
1397,6/26/2017,0,0,0,Monday,Night,Collision with a parked vehicle,The driver of the motor vehicle,Not tested,Clear,Parking slot adjacent to the road,Truck,Private company,No,1000,1847531.3589111601,6306265.786190012
1398,6/26/2017,0,0,0,Monday,Night,Collision with a fixed obstacle,The driver of the motor vehicle,Not tested,Clear,Parking slot adjacent to the road,"Not identified, the driver has fled",Not identified,No,0,1856581.5295402473,6304119.354229326
1399,6/25/2017,0,0,1,Sunday,Day,Crash,Driver of a non-motorized vehicle,No,Clear,None or none of listed,Bicycle,"Private, not used for business activity",No,15000,1839813.312672198,6315259.831816466
1400,6/25/2017,0,0,0,Sunday,Night,Collision with a parked vehicle,The driver of the motor vehicle,Not tested,Clear,None or none of listed,"Not identified, the driver has fled",Not identified,No,0,1845927.5486170785,6311449.586273754
1401,6/25/2017,0,0,0,Sunday,Day,Collision with a non rail vehicle ,The driver of the motor vehicle,No,Clear,None or none of listed,Passenger car without a trailer,"Private, not used for business activity",No,50000,1850501.304816751,6304865.931197277
1402,6/25/2017,0,0,0,Sunday,Day,Collision with a parked vehicle,The driver of the motor vehicle,Not tested,Clear,Parking slot adjacent to the road,Passenger car without a trailer,"Private, not used for business activity",No,0,1847550.9305474376,6308772.586737055
1403,6/24/2017,0,0,0,Saturday,Day,Collision with a fixed obstacle,The driver of the motor vehicle,No,Clear,None or none of listed,Passenger car without a trailer,Registered outside of the Czech Republic,No,80000,1847904.7943919222,6302038.964546125
1404,6/24/2017,0,0,1,Saturday,Night,Collision with a non rail vehicle ,The driver of the motor vehicle,No,Clear,Near the pedestrian crossing,Passenger car without a trailer,Private company,No,90000,1848993.182753208,6308804.393786356
1405,6/24/2017,0,0,1,Saturday,Day,Collision with a fixed obstacle,The driver of the motor vehicle,No,Clear,None or none of listed,Passenger car without a trailer,Private company,Yes,10000,1851263.704958558,6310384.991410059
1406,6/24/2017,0,0,0,Saturday,Day,Collision with a fixed obstacle,The driver of the motor vehicle,No,Clear,None or none of listed,Truck,"Private, not used for business activity",No,0,1848907.5628140154,6308378.138671463
1407,6/24/2017,0,0,1,Saturday,Day,Collision with a non rail vehicle ,Driver of a non-motorized vehicle,No,Clear,None or none of listed,Bicycle,"Private, not used for business activity",No,5000,1848379.6688681105,6307877.477643705
1408,6/24/2017,0,0,0,Saturday,Day,Collision with a fixed obstacle,The driver of the motor vehicle,No,Clear,None or none of listed,Passenger car without a trailer,Private company,No,80000,1846159.3717906135,6316120.482624511
1409,6/24/2017,0,0,0,Saturday,Day,Collision with a fixed obstacle,The driver of the motor vehicle,Not tested,Clear,None or none of listed,Passenger car without a trailer,"Private, not used for business activity",No,10000,1842697.8885508552,6312654.517650151
1410,6/24/2017,0,0,0,Saturday,Day,Collision with a non rail vehicle ,The driver of the motor vehicle,Under influence of alcohol,Clear,None or none of listed,Passenger car without a trailer,"Private, not used for business activity",No,30000,1855131.0865576635,6299220.751688351
1411,6/24/2017,0,0,0,Saturday,Day,Collision with a non rail vehicle ,The driver of the motor vehicle,No,Clear,Pedestrian crossing,Passenger car without a trailer,Registered outside of the Czech Republic,No,20000,1849502.962791572,6307074.602741179
1412,6/24/2017,0,0,0,Saturday,Day,Collision with a parked vehicle,The driver of the motor vehicle,Not tested,Clear,Parking slot adjacent to the road,Truck,"Private, not used for business activity",No,0,1849603.4770559913,6306905.457140528
1413,6/24/2017,0,0,0,Saturday,Night,Collision with a parked vehicle,The driver of the motor vehicle,Not tested,Clear,"Bridge, overpass, underpass, tunnel","Not identified, the driver has fled",Not identified,No,0,1852029.0663101396,6308451.792894728
1414,6/24/2017,0,0,0,Saturday,Night,Collision with a parked vehicle,The driver of the motor vehicle,Not tested,Clear,Parking slot adjacent to the road,"Not identified, the driver has fled",Not identified,No,0,1854388.985970281,6310251.79388208
1415,6/24/2017,0,0,0,Saturday,Night,Other collisions,The driver of the motor vehicle,Not tested,Clear,None or none of listed,Passenger car without a trailer,"Private, not used for business activity",No,0,1855561.578064197,6305950.578232781
1416,6/23/2017,0,0,0,Friday,Day,Collision with a non rail vehicle ,The driver of the motor vehicle,No,Clear,None or none of listed,Truck,"Private, used for business activity",No,150000,1843651.3016955983,6302388.790390413
1417,6/23/2017,0,0,0,Friday,Night,Collision with a fixed obstacle,The driver of the motor vehicle,No,Clear,"Bridge, overpass, underpass, tunnel",Passenger car without a trailer,"Private, not used for business activity",No,40000,1851463.3909743358,6300544.810124586
1418,6/23/2017,0,0,0,Friday,Day,Collision with a non rail vehicle ,The driver of the motor vehicle,No,Clear,None or none of listed,Passenger car without a trailer,"Private, not used for business activity",No,20000,1845227.2754378077,6306266.209925436
1419,6/23/2017,0,0,0,Friday,Day,Collision with a fixed obstacle,The driver of the motor vehicle,No,Clear,Pedestrian crossing,Passenger car without a trailer,"Private, not used for business activity",No,20000,1838816.9910957722,6313271.021906626
1420,6/23/2017,0,0,0,Friday,Night,Collision with a parked vehicle,The driver of the motor vehicle,Not tested,Clear,Parking slot adjacent to the road,"Not identified, the driver has fled",Not identified,No,0,1843075.4707939667,6312282.081413937
1421,6/23/2017,0,0,1,Friday,Day,Collision with a non rail vehicle ,The driver of the motor vehicle,No,Clear,None or none of listed,Truck,"Private, used for business activity",No,10000,1852052.7294942949,6313122.222231028
1422,6/23/2017,0,0,0,Friday,Night,Collision with a parked vehicle,The driver of the motor vehicle,Not tested,Clear,Pedestrian crossing,"Not identified, the driver has fled",Not identified,No,0,1849213.2450225384,6308380.1727028005
1423,6/23/2017,0,0,0,Friday,Night,Collision with a parked vehicle,The driver of the motor vehicle,Not tested,Clear,Parking slot adjacent to the road,"Not identified, the driver has fled",Not identified,No,0,1843771.5917562337,6304210.91650376
1424,6/23/2017,0,1,0,Friday,Night,Crash,Driver of a non-motorized vehicle,Under influence of alcohol,Clear,None or none of listed,Bicycle,"Private, not used for business activity",No,1000,1855706.4973395318,6311646.2445867965
1425,6/23/2017,0,0,0,Friday,Night,Collision with a parked vehicle,The driver of the motor vehicle,No,Clear,Parking slot adjacent to the road,Truck,"Private, not used for business activity",No,1000,1849109.0878277847,6309430.866120636
1426,6/23/2017,0,0,0,Friday,Night,Collision with wildlife animals,"Forest animals, pets",Not tested,Clear,None or none of listed,Truck,"Private, not used for business activity",No,20000,1856011.9567977549,6296145.117350777
1427,6/23/2017,0,0,0,Friday,Night,Collision with a parked vehicle,The driver of the motor vehicle,No,Clear,None or none of listed,Truck,Private company,No,10000,1849467.3662693158,6307804.868382995
1428,6/23/2017,0,0,0,Friday,Night,Collision with a parked vehicle,The driver of the motor vehicle,Not tested,Clear,None or none of listed,"Not identified, the driver has fled",Not identified,No,0,1850349.4213940657,6309957.939337219
1429,6/23/2017,0,0,0,Friday,Night,Collision with a non rail vehicle ,The driver of the motor vehicle,Not tested,Clear,None or none of listed,"Not identified, the driver has fled",Not identified,No,0,1848385.3417093628,6313930.722950361
1430,6/22/2017,0,0,1,Thursday,Night,Collision with a fixed obstacle,Driver of a non-motorized vehicle,No,Clear,Near the pedestrian crossing,Bicycle,"Private, not used for business activity",No,2000,1853409.1872119156,6308092.112417878
1431,6/22/2017,0,0,0,Thursday,Night,Collision with a parked vehicle,The driver of the motor vehicle,Not tested,Clear,Parking slot adjacent to the road,Passenger car without a trailer,"Private, not used for business activity",No,1000,1850693.1359066234,6311831.853769395
1432,6/22/2017,0,0,0,Thursday,Day,Collision with a parked vehicle,The driver of the motor vehicle,No,Clear,None or none of listed,Truck,Private company,No,10000,1846552.01834382,6310603.79175564
1433,6/22/2017,0,0,0,Thursday,Night,Collision with a parked vehicle,The driver of the motor vehicle,Not tested,Clear,Parking slot adjacent to the road,"Not identified, the driver has fled",Not identified,No,0,1845554.4184856839,6308672.993502727
1434,6/22/2017,0,0,0,Thursday,Night,Collision with a parked vehicle,The driver of the motor vehicle,Not tested,Clear,Parking slot adjacent to the road,"Not identified, the driver has fled",Not identified,No,0,1856582.2733770902,6309348.642381683
1435,6/22/2017,0,0,0,Thursday,Day,Collision with a fixed obstacle,The driver of the motor vehicle,No,Clear,Parking slot adjacent to the road,Passenger car without a trailer,Ministry of Interior,No,1000,1847552.1450430774,6305389.361778447
1436,6/22/2017,0,0,0,Thursday,Day,Collision with a non rail vehicle ,The driver of the motor vehicle,No,Clear,None or none of listed,Passenger car without a trailer,Registered outside of the Czech Republic,No,30000,1852411.0657106442,6297861.057570654
1437,6/22/2017,0,0,1,Thursday,Day,Collision with a non rail vehicle ,The driver of the motor vehicle,Not tested,Clear,Pedestrian crossing,"Not identified, the driver has fled",Not identified,No,0,1849638.7348330317,6309134.896274865
1438,6/22/2017,0,0,0,Thursday,Day,Collision with a parked vehicle,The driver of the motor vehicle,Not tested,Clear,Parking slot adjacent to the road,Passenger car without a trailer,"Private, used for business activity",No,0,1845337.6398073689,6316857.864418794
1439,6/22/2017,0,0,0,Thursday,Night,Collision with a parked vehicle,The driver of the motor vehicle,Not tested,Clear,Parking slot adjacent to the road,"Not identified, the driver has fled",Not identified,No,0,1851121.128401905,6311028.119880415
1440,6/22/2017,0,0,1,Thursday,Day,Collision with a non rail vehicle ,The driver of the motor vehicle,Not tested,Clear,None or none of listed,Motorbike,"Private, not used for business activity",No,30000,1852359.6339908277,6307059.170015455
1441,6/21/2017,0,0,0,Wednesday,Day,Collision with a non rail vehicle ,The driver of the motor vehicle,No,Clear,None or none of listed,Passenger car without a trailer,Registered outside of the Czech Republic,No,50000,1846758.4985220805,6313213.799893238
1442,6/21/2017,0,0,0,Wednesday,Day,Collision with a parked vehicle,The driver of the motor vehicle,No,Clear,None or none of listed,Passenger car without a trailer,Private company,No,50000,1854138.1673501593,6309800.765567805
1443,6/21/2017,0,0,0,Wednesday,Day,Collision with a non rail vehicle ,The driver of the motor vehicle,No,Clear,Near the pedestrian crossing,Passenger car without a trailer,"Private, not used for business activity",No,10000,1839361.0242527723,6313702.789741019
1444,6/21/2017,0,0,0,Wednesday,Night,Collision with a parked vehicle,The driver of the motor vehicle,Not tested,Clear,Parking slot adjacent to the road,"Not identified, the driver has fled",Not identified,No,0,1847598.769987284,6304928.193671944
1445,6/21/2017,0,0,1,Wednesday,Day,Collision with pedestrian,Pedestrian,No,Clear,None or none of listed,Passenger car without a trailer,Private company,No,0,1850688.9892555925,6311064.0934172375
1446,6/21/2017,0,0,1,Wednesday,Day,Collision with pedestrian,Pedestrian,Under influence of alcohol,Clear,None or none of listed,Troleybus,Public transport,No,0,1839500.65596362,6311681.258735873
1447,6/21/2017,0,0,0,Wednesday,Day,Collision with a non rail vehicle ,The driver of the motor vehicle,Not tested,Clear,Near the pedestrian crossing,"Not identified, the driver has fled",Not identified,No,0,1849576.7686158428,6307120.591600229
1448,6/21/2017,0,0,0,Wednesday,Day,Collision with a parked vehicle,The driver of the motor vehicle,Not tested,Clear,Parking slot adjacent to the road,Passenger car without a trailer,"Private, not used for business activity",No,10000,1840227.9615227617,6313262.617538612
1449,6/21/2017,0,0,0,Wednesday,Night,Collision with a parked vehicle,The driver of the motor vehicle,Not tested,Clear,Parking slot adjacent to the road,"Not identified, the driver has fled",Not identified,No,0,1848852.9936656735,6307725.336058077
1450,6/20/2017,0,0,1,Tuesday,Day,Collision with a fixed obstacle,The driver of the motor vehicle,No,Clear,None or none of listed,Passenger car without a trailer,"Private, not used for business activity",No,80000,1843432.6246860044,6304168.869757904
1451,6/20/2017,0,0,0,Tuesday,Night,Collision with a parked vehicle,The driver of the motor vehicle,Not tested,Clear,None or none of listed,"Not identified, the driver has fled",Not identified,No,0,1850332.0637911449,6311493.488229829
1452,6/20/2017,0,0,1,Tuesday,Day,Collision with a non rail vehicle ,The driver of the motor vehicle,No,Clear,None or none of listed,Passenger car without a trailer,Private company,No,50000,1838632.8263565945,6308967.985234802
1453,6/20/2017,0,0,1,Tuesday,Day,Collision with a non rail vehicle ,The driver of the motor vehicle,No,Clear,None or none of listed,Passenger car without a trailer,"Private, not used for business activity",No,70000,1847551.8222165576,6302634.652124659
1454,6/20/2017,0,0,0,Tuesday,Day,Collision with a non rail vehicle ,The driver of the motor vehicle,No,Clear,None or none of listed,Passenger car without a trailer,"Private, not used for business activity",No,10000,1851792.7262369457,6311279.632824944
1455,6/20/2017,0,0,1,Tuesday,Day,Collision with a non rail vehicle ,The driver of the motor vehicle,No,Clear,None or none of listed,Truck,Private company,No,40000,1845985.8008820962,6312338.5625251625
1456,6/20/2017,0,0,1,Tuesday,Day,Collision with a non rail vehicle ,The driver of the motor vehicle,No,Clear,None or none of listed,Passenger car without a trailer,Private company,No,50000,1847743.9751310728,6309230.376746046
1457,6/20/2017,0,0,1,Tuesday,Day,Crash,Driver of a non-motorized vehicle,No,Clear,None or none of listed,Bicycle,"Private, not used for business activity",No,0,1846884.3391951688,6316171.314841692
1458,6/20/2017,0,0,1,Tuesday,Day,Collision with a non rail vehicle ,The driver of the motor vehicle,No,Clear,Pedestrian crossing,Passenger car without a trailer,"Private, not used for business activity",No,30000,1843019.4616166898,6311862.128833391
1459,6/20/2017,0,0,0,Tuesday,Day,Collision with a non rail vehicle ,The driver of the motor vehicle,Not tested,Clear,None or none of listed,"Not identified, the driver has fled",Not identified,No,0,1844418.5513596968,6309616.5863143625
1460,6/20/2017,0,0,2,Tuesday,Night,Collision with a non rail vehicle ,The driver of the motor vehicle,No,Clear,None or none of listed,Passenger car without a trailer,"Private, not used for business activity",No,80000,1845769.3949014435,6312289.143321682
1461,6/20/2017,0,0,0,Tuesday,Night,Collision with a fixed obstacle,The driver of the motor vehicle,Not tested,Clear,None or none of listed,"Not identified, the driver has fled",Not identified,No,0,1853670.9077950546,6299056.752186948
1462,6/20/2017,0,0,0,Tuesday,Night,Collision with a parked vehicle,The driver of the motor vehicle,Not tested,Clear,Parking slot adjacent to the road,"Not identified, the driver has fled",Not identified,No,0,1851296.4442434388,6298331.9212412415
1463,6/19/2017,0,0,2,Monday,Night,Collision with pedestrian,The driver of the motor vehicle,No,Clear,Pedestrian crossing,Passenger car without a trailer,"Private, not used for business activity",No,10000,1857719.2178531059,6310482.398414232
1464,6/19/2017,0,0,0,Monday,Day,Collision with wildlife animals,"Forest animals, pets",Not tested,Clear,None or none of listed,Passenger car without a trailer,Private company,No,15000,1837397.2358911776,6307315.559856605
1465,6/19/2017,0,0,0,Monday,Day,Collision with a fixed obstacle,The driver of the motor vehicle,Not tested,Clear,Parking slot adjacent to the road,Truck,Private company,No,0,1850063.4015472014,6313360.898339617
1466,6/19/2017,0,0,0,Monday,Day,Collision with a fixed obstacle,The driver of the motor vehicle,No,Clear,Pedestrian crossing,Truck with semi-trailer,Private company,No,0,1847610.638537431,6313013.31148413
1467,6/19/2017,0,0,0,Monday,Day,Collision with a fixed obstacle,The driver of the motor vehicle,No,Clear,"Bridge, overpass, underpass, tunnel",Truck with semi-trailer,Private company,No,20000,1847005.9634199091,6307129.71254966
1468,6/19/2017,0,0,0,Monday,Day,Collision with a fixed obstacle,The driver of the motor vehicle,No,Clear,None or none of listed,Passenger car without a trailer,Private company,No,20000,1853640.8594362228,6308557.531391365
1469,6/19/2017,0,0,0,Monday,Night,Collision with a parked vehicle,The driver of the motor vehicle,Not tested,Clear,None or none of listed,"Not identified, the driver has fled",Not identified,No,0,1847365.0696331775,6309962.71458526
1470,6/19/2017,0,0,0,Monday,Night,Collision with a fixed obstacle,The driver of the motor vehicle,No,Clear,None or none of listed,Passenger car without a trailer,"Private, not used for business activity",No,20000,1847140.5765141496,6307906.481355859
1471,6/19/2017,0,0,0,Monday,Night,Collision with a parked vehicle,The driver of the motor vehicle,Not tested,Clear,Parking slot adjacent to the road,"Not identified, the driver has fled",Not identified,No,0,1848930.509768573,6308779.69187173
1472,6/18/2017,0,0,2,Sunday,Night,Crash,Driver of a non-motorized vehicle,No,Clear,None or none of listed,Bicycle,Other,No,5000,1849273.4665293472,6308310.661919155
1473,6/18/2017,0,0,0,Sunday,Day,Collision with a pet,"Forest animals, pets",Not tested,Clear,None or none of listed,"Not identified, the driver has fled",Not identified,No,0,1851079.341848045,6309872.441795769
1474,6/18/2017,0,0,1,Sunday,Day,Collision with pedestrian,Pedestrian,No,Clear,Pedestrian crossing,Tram,Public transport,No,0,1847301.8354869885,6306713.066637548
1475,6/18/2017,0,0,0,Sunday,Day,Collision with a tram,The driver of the motor vehicle,Not tested,Clear,Pedestrian crossing,Passenger car without a trailer,"Private, not used for business activity",No,20000,1850842.7673360084,6309272.178372419
1476,6/18/2017,0,0,0,Sunday,Day,Collision with a non rail vehicle ,The driver of the motor vehicle,No,Clear,None or none of listed,Passenger car without a trailer,Private company,No,120000,1849749.3039191356,6306858.610683649
1477,6/18/2017,0,0,0,Sunday,Night,Collision with a parked vehicle,The driver of the motor vehicle,Not tested,Clear,None or none of listed,"Not identified, the driver has fled",Not identified,No,0,1847179.996304313,6311358.194285522
1478,6/18/2017,0,0,0,Sunday,Day,Collision with a non rail vehicle ,The driver of the motor vehicle,Not tested,Clear,None or none of listed,Passenger car without a trailer,"Private, not used for business activity",No,5000,1850406.0437190996,6318021.98695217
1479,6/18/2017,0,0,2,Sunday,Day,Collision with a non rail vehicle ,The driver of the motor vehicle,No,Clear,Near the pedestrian crossing,Passenger car without a trailer,"Private, not used for business activity",No,70000,1847271.8852006288,6309658.9093463775
1480,6/18/2017,0,0,0,Sunday,Night,Collision with a parked vehicle,The driver of the motor vehicle,Not tested,Clear,Parking slot adjacent to the road,"Not identified, the driver has fled",Not identified,No,0,1852676.1800910996,6315058.327847606
1481,6/18/2017,0,0,0,Sunday,Night,Collision with a parked vehicle,The driver of the motor vehicle,Not tested,Clear,Parking slot adjacent to the road,"Not identified, the driver has fled",Not identified,No,0,1854908.2887231659,6310240.87021231
1482,6/17/2017,0,0,0,Saturday,Night,Collision with a parked vehicle,The driver of the motor vehicle,Not tested,Clear,None or none of listed,"Not identified, the driver has fled",Not identified,No,0,1848348.9289926065,6307402.207958034
1483,6/17/2017,0,0,0,Saturday,Night,Collision with a parked vehicle,The driver of the motor vehicle,Not tested,Clear,None or none of listed,"Not identified, the driver has fled",Not identified,No,0,1844476.965371939,6311897.184611558
1484,6/17/2017,0,0,0,Saturday,Day,Collision with a parked vehicle,The driver of the motor vehicle,No,Clear,Parking slot adjacent to the road,Passenger car without a trailer,Private company,No,20000,1848543.5064456307,6307195.23637518
1485,6/17/2017,0,0,0,Saturday,Night,Collision with a parked vehicle,The driver of the motor vehicle,Not tested,Clear,Parking slot adjacent to the road,"Not identified, the driver has fled",Not identified,No,0,1851093.0574111901,6301245.2491776105
1486,6/17/2017,0,0,0,Saturday,Night,Collision with a parked vehicle,The driver of the motor vehicle,Not tested,Clear,None or none of listed,"Not identified, the driver has fled",Not identified,No,0,1846792.6147177417,6308482.819181779
1487,6/17/2017,0,0,0,Saturday,Day,Collision with a fixed obstacle,The driver of the motor vehicle,No,"At the beginning of the rain, light rain, drizzle, etc.","Bridge, overpass, underpass, tunnel",Passenger car without a trailer,"Private, not used for business activity",Yes,15000,1848316.81766097,6312172.981614161
1488,6/17/2017,0,0,0,Saturday,Day,Collision with a parked vehicle,The driver of the motor vehicle,Not tested,Clear,Parking slot adjacent to the road,Passenger car without a trailer,"Private, not used for business activity",No,0,1840453.292766231,6313856.515207016
1489,6/17/2017,0,0,0,Saturday,Night,Collision with a fixed obstacle,The driver of the motor vehicle,No,Clear,None or none of listed,Passenger car without a trailer,"Private, not used for business activity",Yes,50000,1835914.1520301397,6311007.539396074
1490,6/17/2017,0,0,0,Saturday,Night,Collision with a parked vehicle,The driver of the motor vehicle,Not tested,Clear,Parking slot adjacent to the road,"Not identified, the driver has fled",Not identified,No,0,1846913.3953633802,6314657.709180087
1491,6/17/2017,0,0,0,Saturday,Day,Collision with a non rail vehicle ,The driver of the motor vehicle,Not tested,Clear,Parking slot adjacent to the road,"Not identified, the driver has fled",Not identified,No,0,1858530.8290022034,6310019.9027611455
1492,6/16/2017,0,0,0,Friday,Night,Collision with wildlife animals,"Forest animals, pets",Not tested,Clear,"Bridge, overpass, underpass, tunnel",Truck,Private company,No,2000,1847777.4630395283,6302532.497159084
1493,6/16/2017,0,0,1,Friday,Day,Collision with pedestrian,The driver of the motor vehicle,Not tested,Clear,Pedestrian crossing,"Not identified, the driver has fled",Not identified,No,0,1848129.024240354,6309150.966408759
1494,6/16/2017,0,0,1,Friday,Day,Collision with pedestrian,The driver of the motor vehicle,Not tested,Clear,None or none of listed,"Not identified, the driver has fled",Not identified,No,0,1850365.591440663,6304478.019259172
1495,6/16/2017,0,0,0,Friday,Day,Collision with a non rail vehicle ,The driver of the motor vehicle,Under influence of drugs,Clear,None or none of listed,Passenger car without a trailer,"Private, not used for business activity",No,10000,1849344.405876734,6302932.356521231
1496,6/16/2017,0,0,0,Friday,Night,Collision with a parked vehicle,The driver of the motor vehicle,Not tested,Clear,"Exit from the car park, forest roads, etc.","Not identified, the driver has fled",Not identified,No,0,1850250.9793419724,6308853.926628067
1497,6/16/2017,0,0,0,Friday,Day,Collision with a non rail vehicle ,The driver of the motor vehicle,No,Rain,Pedestrian crossing,Truck with semi-trailer,Registered outside of the Czech Republic,No,20000,1855000.0089704522,6306967.2630523145
1498,6/16/2017,0,0,0,Friday,Night,Collision with a parked vehicle,The driver of the motor vehicle,No,Clear,None or none of listed,Truck,"Private, not used for business activity",No,10000,1847922.4526687905,6310178.245921271
1499,6/16/2017,0,1,1,Friday,Night,Collision with pedestrian,Driver of a non-motorized vehicle,No,Clear,None or none of listed,Other non motor vehicle,"Private, not used for business activity",No,0,1859322.414999424,6309902.643027724