OBJECTID,Date,Dead,Serious injuries,Light injuries,Day of the week,Day/Night,Type of the accident,Cause of the accident,Alcohol or drugs,Weather conditions,Place,Vehicle type,Vehicle characteristic,Skid,Total damage in Czk,x,y
1500,6/15/2017,0,0,0,Thursday,Night,Collision with a parked vehicle,The driver of the motor vehicle,Not tested,Clear,None or none of listed,"Not identified, the driver has fled",Not identified,No,0,1848608.3175437297,6307830.963573549
1501,6/15/2017,0,0,0,Thursday,Day,Collision with a non rail vehicle ,The driver of the motor vehicle,Under influence of alcohol,Clear,None or none of listed,Passenger car without a trailer,"Private, not used for business activity",No,20000,1844799.7463655698,6310663.837640863
1502,6/15/2017,0,0,0,Thursday,Day,Collision with a parked vehicle,The driver of the motor vehicle,No,Clear,Parking slot adjacent to the road,Truck,"Private, not used for business activity",No,5000,1850190.596978498,6307549.830613206
1503,6/15/2017,0,0,1,Thursday,Day,Collision with pedestrian,The driver of the motor vehicle,No,Clear,Pedestrian crossing,Passenger car without a trailer,"Private, not used for business activity",No,50000,1842219.4189003888,6312098.379302318
1504,6/15/2017,0,0,0,Thursday,Day,Collision with a non rail vehicle ,The driver of the motor vehicle,No,Clear,"Bus stop, trolleybus, tramway without boarding. islet",Passenger car without a trailer,"Private, not used for business activity",No,30000,1846430.4256224975,6312776.935131042
1505,6/15/2017,0,0,0,Thursday,Night,Collision with a parked vehicle,The driver of the motor vehicle,Not tested,Clear,Parking slot adjacent to the road,"Not identified, the driver has fled",Not identified,No,0,1849731.3400702698,6308789.715324675
1506,6/15/2017,0,0,0,Thursday,Night,Collision with a parked vehicle,The driver of the motor vehicle,Not tested,Clear,Parking slot adjacent to the road,"Not identified, the driver has fled",Not identified,No,0,1847564.643884185,6306275.32228617
1507,6/15/2017,0,0,0,Thursday,Day,Collision with a non rail vehicle ,The driver of the motor vehicle,Under influence of alcohol,Clear,None or none of listed,Passenger car without a trailer,"Private, not used for business activity",No,5000,1852753.1112100729,6309155.399607414
1508,6/15/2017,0,0,1,Thursday,Day,Collision with a non rail vehicle ,The driver of the motor vehicle,Under influence of alcohol,Clear,None or none of listed,Passenger car without a trailer,"Private, not used for business activity",Yes,20000,1849852.2380466447,6306611.9337053485
1509,6/15/2017,0,0,1,Thursday,Day,Crash,Driver of a non-motorized vehicle,Under influence of alcohol,Clear,None or none of listed,Bicycle,"Private, not used for business activity",No,1000,1853736.3453992405,6307831.457739483
1510,6/15/2017,0,0,1,Thursday,Night,Collision with pedestrian,The driver of the motor vehicle,No,Clear,Pedestrian crossing,Passenger car without a trailer,Private company,No,0,1853073.3378666677,6308093.146433822
1511,6/14/2017,0,0,0,Wednesday,Day,Collision with a non rail vehicle ,The driver of the motor vehicle,No,Clear,None or none of listed,Passenger car without a trailer,"Private, not used for business activity",No,110000,1851105.7738818978,6301942.667066418
1512,6/14/2017,0,0,0,Wednesday,Day,Collision with wildlife animals,"Forest animals, pets",Not tested,Clear,None or none of listed,Passenger car without a trailer,Private company,No,30000,1850935.4038540213,6315992.762823888
1513,6/14/2017,0,0,0,Wednesday,Day,Collision with a fixed obstacle,The driver of the motor vehicle,No,Clear,None or none of listed,Truck,Private company,No,70000,1850849.2823092055,6310896.399651177
1514,6/14/2017,0,0,0,Wednesday,Day,Collision with a non rail vehicle ,The driver of the motor vehicle,No,Clear,None or none of listed,Passenger car without a trailer,Private company,No,50000,1855159.379519443,6299236.952511135
1515,6/14/2017,0,0,0,Wednesday,Night,Collision with a parked vehicle,The driver of the motor vehicle,Not tested,Clear,Near the pedestrian crossing,"Not identified, the driver has fled",Not identified,No,0,1850221.1173319656,6311146.933574797
1516,6/14/2017,0,0,0,Wednesday,Day,Collision with a non rail vehicle ,The driver of the motor vehicle,No,Clear,Near the pedestrian crossing,Passenger car without a trailer,Ministry of Interior,No,110000,1846008.9570059732,6312413.386997171
1517,6/14/2017,0,0,1,Wednesday,Day,Collision with a non rail vehicle ,The driver of the motor vehicle,No,Clear,Parking slot adjacent to the road,Passenger car without a trailer,"Private, not used for business activity",No,0,1847815.204465729,6308833.3988153115
1518,6/14/2017,0,0,1,Wednesday,Day,Collision with a non rail vehicle ,The driver of the motor vehicle,No,Clear,None or none of listed,Passenger car without a trailer,"Private, not used for business activity",No,10000,1849077.353869224,6310658.310018075
1519,6/14/2017,0,0,0,Wednesday,Day,Collision with a parked vehicle,The driver of the motor vehicle,Not tested,Clear,Parking slot adjacent to the road,Passenger car without a trailer,"Private, not used for business activity",No,0,1846862.8670012332,6308784.366619528
1520,6/14/2017,0,0,1,Wednesday,Day,Collision with pedestrian,The driver of the motor vehicle,No,Clear,Pedestrian crossing,Passenger car without a trailer,Private company,No,0,1847375.377706702,6312816.63607989
1521,6/14/2017,0,0,0,Wednesday,Night,Collision with a parked vehicle,The driver of the motor vehicle,Not tested,Clear,None or none of listed,"Not identified, the driver has fled",Not identified,No,0,1840190.8881248224,6306944.9744123835
1522,6/14/2017,0,0,0,Wednesday,Day,Collision with a fixed obstacle,The driver of the motor vehicle,Not tested,Clear,None or none of listed,Passenger car without a trailer,"Private, not used for business activity",No,0,1844055.9267826097,6304905.162706168
1523,6/14/2017,0,0,0,Wednesday,Day,Collision with a parked vehicle,The driver of the motor vehicle,Not tested,Clear,Parking slot adjacent to the road,"Not identified, the driver has fled",Not identified,No,0,1853310.8992259942,6314431.753259521
1524,6/14/2017,0,0,0,Wednesday,Day,Collision with a parked vehicle,The driver of the motor vehicle,Not tested,Clear,None or none of listed,Passenger car without a trailer,"Private, not used for business activity",No,5000,1848153.3964183468,6308948.218168559
1525,6/13/2017,0,0,1,Tuesday,Night,Collision with a non rail vehicle ,The driver of the motor vehicle,No,Clear,None or none of listed,Truck with semi-trailer,Registered outside of the Czech Republic,No,30000,1851499.7566029516,6302620.379867425
1526,6/13/2017,0,0,0,Tuesday,Day,Collision with a non rail vehicle ,The driver of the motor vehicle,Not tested,Clear,"Bus stop, trolleybus, tramway without boarding. islet","Not identified, the driver has fled",Not identified,No,0,1847138.2708648588,6308796.62285291
1527,6/13/2017,0,0,1,Tuesday,Day,Collision with pedestrian,Pedestrian,No,Clear,None or none of listed,Truck with semi-trailer,Registered outside of the Czech Republic,No,0,1848546.8734149488,6304851.528130473
1528,6/13/2017,0,0,0,Tuesday,Night,Collision with a parked vehicle,The driver of the motor vehicle,Not tested,Clear,None or none of listed,"Not identified, the driver has fled",Not identified,No,0,1837521.0892887178,6312291.487634347
1529,6/13/2017,0,0,0,Tuesday,Day,Collision with a non rail vehicle ,The driver of the motor vehicle,No,Clear,None or none of listed,Bus,Registered outside of the Czech Republic,No,5000,1849085.0207765105,6308788.375081537
1530,6/13/2017,0,0,0,Tuesday,Night,Collision with a parked vehicle,The driver of the motor vehicle,Not tested,Clear,None or none of listed,"Not identified, the driver has fled",Not identified,No,0,1850757.0218284293,6309444.47693112
1531,6/13/2017,0,0,1,Tuesday,Day,Collision with pedestrian,Pedestrian,No,Clear,None or none of listed,Bus,Private company,No,0,1849650.5478347514,6306425.810506256
1532,6/13/2017,0,0,0,Tuesday,Day,Collision with a fixed obstacle,The driver of the motor vehicle,No,Clear,"Bridge, overpass, underpass, tunnel",Passenger car with trailer,"Private, not used for business activity",Yes,20000,1851412.948996111,6311748.957453412
1533,6/13/2017,0,1,0,Tuesday,Day,Collision with a non rail vehicle ,The driver of the motor vehicle,No,Clear,None or none of listed,Passenger car without a trailer,"Private, not used for business activity",No,30000,1844664.2471681756,6319288.838429074
1534,6/13/2017,0,0,0,Tuesday,Night,Collision with a parked vehicle,The driver of the motor vehicle,Not tested,Clear,None or none of listed,"Not identified, the driver has fled",Not identified,No,0,1849679.3605472362,6308996.209354107
1535,6/13/2017,0,0,0,Tuesday,Night,Collision with a parked vehicle,The driver of the motor vehicle,Not tested,Clear,Parking slot adjacent to the road,"Not identified, the driver has fled",Not identified,No,0,1848257.281548269,6306550.709308432
1536,6/13/2017,0,0,1,Tuesday,Day,Collision with a non rail vehicle ,The driver of the motor vehicle,Not tested,Clear,None or none of listed,Motorbike,"Private, not used for business activity",No,30000,1849720.6864610424,6303558.046696918
1537,6/12/2017,0,0,0,Monday,Day,Other collisions,The driver of the motor vehicle,Not tested,Clear,None or none of listed,"Not identified, the driver has fled",Not identified,No,0,1839800.4890008215,6303802.741167826
1538,6/12/2017,0,0,0,Monday,Night,Collision with a non rail vehicle ,The driver of the motor vehicle,Under influence of alcohol,Clear,"Bridge, overpass, underpass, tunnel",Passenger car without a trailer,"Private, not used for business activity",No,30000,1847916.0794052996,6312460.870936186
1539,6/12/2017,0,0,0,Monday,Day,Collision with a parked vehicle,The driver of the motor vehicle,Not tested,Clear,Parking slot adjacent to the road,Passenger car without a trailer,"Private, not used for business activity",No,30000,1843991.969616324,6303233.051834437
1540,6/12/2017,0,0,0,Monday,Day,Collision with a fixed obstacle,The driver of the motor vehicle,Not tested,Clear,None or none of listed,Passenger car without a trailer,Private company,No,5000,1849356.0540142914,6308016.96177327
1541,6/12/2017,0,0,0,Monday,Night,Collision with a fixed obstacle,The driver of the motor vehicle,Not tested,Clear,None or none of listed,"Not identified, the driver has fled",Not identified,No,0,1849268.9968291535,6307850.6995715145
1542,6/12/2017,0,0,1,Monday,Day,Collision with pedestrian,The driver of the motor vehicle,No,Clear,Pedestrian crossing,Truck,"Private, not used for business activity",No,10000,1846530.1281451941,6314775.701721209
1543,6/12/2017,0,0,1,Monday,Night,Crash,Driver of a non-motorized vehicle,Under influence of alcohol,Clear,None or none of listed,Bicycle,"Private, not used for business activity",No,1000,1849459.803111792,6307990.212046382
1544,6/11/2017,0,0,0,Sunday,Night,Collision with a parked vehicle,The driver of the motor vehicle,Not tested,Clear,None or none of listed,"Not identified, the driver has fled",Not identified,No,0,1844978.7366408561,6316560.814638944
1545,6/11/2017,0,0,1,Sunday,Day,Collision with a non rail vehicle ,The driver of the motor vehicle,No,Clear,None or none of listed,Passenger car without a trailer,Private company,No,50000,1849273.4378089188,6302927.078438125
1546,6/11/2017,0,0,0,Sunday,Night,Collision with a parked vehicle,The driver of the motor vehicle,Not tested,Clear,None or none of listed,"Not identified, the driver has fled",Not identified,No,0,1849483.5770588461,6306630.037406204
1547,6/11/2017,0,0,1,Sunday,Day,Collision with a parked vehicle,Driver of a non-motorized vehicle,Not tested,Clear,None or none of listed,Bicycle,"Private, not used for business activity",No,5000,1847892.078700449,6313715.605941889
1548,6/11/2017,0,0,0,Sunday,Night,Collision with a non rail vehicle ,The driver of the motor vehicle,Not tested,Clear,None or none of listed,"Not identified, the driver has fled",Not identified,No,0,1849914.3564375755,6312117.701781185
1549,6/11/2017,0,0,0,Sunday,Day,Collision with a parked vehicle,The driver of the motor vehicle,Not tested,Clear,Parking slot adjacent to the road,Passenger car without a trailer,Stolen,No,0,1850371.7616573982,6311970.598117196
1550,6/10/2017,0,0,1,Saturday,Day,Collision with a non rail vehicle ,The driver of the motor vehicle,No,Clear,Near the pedestrian crossing,Passenger car without a trailer,"Private, not used for business activity",No,30000,1848431.7403410396,6310240.592643696
1551,6/10/2017,0,0,0,Saturday,Day,Collision with a fixed obstacle,The driver of the motor vehicle,Not tested,Clear,Near the pedestrian crossing,"Not identified, the driver has fled",Not identified,No,0,1851943.5147211193,6306822.5917378375
1552,6/10/2017,0,0,1,Saturday,Day,Collision with a non rail vehicle ,The driver of the motor vehicle,No,Clear,None or none of listed,Passenger car without a trailer,"Private, not used for business activity",No,30000,1853594.366628253,6306511.000575975
1553,6/10/2017,0,0,1,Saturday,Night,Crash,Driver of a non-motorized vehicle,Under influence of alcohol,Clear,None or none of listed,Bicycle,"Private, not used for business activity",No,2000,1839401.6940494971,6314771.867882533
1554,6/10/2017,0,0,0,Saturday,Night,Collision with a parked vehicle,The driver of the motor vehicle,Not tested,Clear,Parking slot adjacent to the road,"Not identified, the driver has fled",Not identified,No,0,1838795.5933745732,6312578.979622243
1555,6/10/2017,0,0,0,Saturday,Night,Collision with a parked vehicle,The driver of the motor vehicle,Not tested,Clear,None or none of listed,Passenger car without a trailer,"Private, not used for business activity",No,1000,1847969.2170963117,6307347.882456696
1556,6/10/2017,0,0,0,Saturday,Night,Collision with a parked vehicle,The driver of the motor vehicle,Not tested,Clear,None or none of listed,"Not identified, the driver has fled",Not identified,No,0,1852264.3239126059,6306473.236867177
1557,6/9/2017,0,0,0,Friday,Night,Collision with wildlife animals,"Forest animals, pets",Not tested,Clear,None or none of listed,Passenger car without a trailer,"Private, not used for business activity",No,70000,1851366.9699275938,6300033.531295748
1558,6/9/2017,0,0,0,Friday,Night,Collision with a fixed obstacle,The driver of the motor vehicle,Not tested,Clear,Parking slot adjacent to the road,"Not identified, the driver has fled",Not identified,No,0,1842748.2307868141,6303671.498185714
1559,6/9/2017,0,0,0,Friday,Day,Collision with a fixed obstacle,The driver of the motor vehicle,No,Clear,None or none of listed,Passenger car without a trailer,"Private, not used for business activity",No,40000,1855051.9321658183,6299041.217058504
1560,6/9/2017,0,0,0,Friday,Day,Collision with a non rail vehicle ,The driver of the motor vehicle,No,Clear,Parking slot adjacent to the road,Passenger car without a trailer,"Private, not used for business activity",No,1000,1855425.7657250774,6305883.479405615
1561,6/9/2017,0,1,0,Friday,Day,Collision with a non rail vehicle ,The driver of the motor vehicle,No,Clear,None or none of listed,Truck,"Private, not used for business activity",No,50000,1853933.2198186452,6306476.923695354
1562,6/8/2017,0,0,0,Thursday,Day,Collision with a non rail vehicle ,The driver of the motor vehicle,No,Clear,"Bridge, overpass, underpass, tunnel",Truck with semi-trailer,Private company,No,50000,1850229.467852248,6301935.889416869
1563,6/8/2017,0,0,1,Thursday,Day,Collision with a non rail vehicle ,The driver of the motor vehicle,No,Clear,None or none of listed,Passenger car without a trailer,"Private, not used for business activity",No,120000,1851366.9699275938,6300033.531295748
1564,6/8/2017,0,0,0,Thursday,Day,Collision with a non rail vehicle ,The driver of the motor vehicle,Not tested,Clear,None or none of listed,Truck,Private company,No,0,1851137.1663122592,6301980.967459392
1565,6/8/2017,0,0,0,Thursday,Night,Collision with a parked vehicle,The driver of the motor vehicle,Under influence of alcohol,Clear,Parking slot adjacent to the road,Passenger car without a trailer,"Private, not used for business activity",No,30000,1837176.3451821941,6315656.841989595
1566,6/8/2017,0,0,0,Thursday,Day,Collision with a non rail vehicle ,The driver of the motor vehicle,No,Clear,None or none of listed,Truck,Registered outside of the Czech Republic,No,50000,1849750.7510725125,6306861.506526781
1567,6/8/2017,0,0,0,Thursday,Day,Collision with a fixed obstacle,The driver of the motor vehicle,No,Clear,"Exit from the car park, forest roads, etc.",Truck,Private company,No,0,1850227.9281923722,6305537.600734569
1568,6/8/2017,0,0,0,Thursday,Day,Crash,The driver of the motor vehicle,No,Clear,"Bus stop, trolleybus, tramway without boarding. islet",Truck,Private company,No,10000,1852225.8437702619,6307500.185520032
1569,6/8/2017,0,0,0,Thursday,Day,Collision with a fixed obstacle,The driver of the motor vehicle,Not tested,Clear,None or none of listed,Truck,Private company,No,0,1844115.1339462139,6304511.622012655
1570,6/8/2017,0,0,1,Thursday,Day,Collision with pedestrian,Pedestrian,No,Clear,Parking slot adjacent to the road,Passenger car without a trailer,"Private, not used for business activity",No,3000,1849719.681802632,6309636.788054246
1571,6/8/2017,0,0,0,Thursday,Day,Collision with a non rail vehicle ,The driver of the motor vehicle,No,Clear,None or none of listed,Passenger car without a trailer,"Private, not used for business activity",No,120000,1855323.9344397632,6306607.683574564
1572,6/8/2017,0,0,0,Thursday,Night,Collision with a parked vehicle,The driver of the motor vehicle,Not tested,Clear,Parking slot adjacent to the road,"Not identified, the driver has fled",Not identified,No,0,1850784.2454551815,6303987.089320901
1573,6/8/2017,0,0,0,Thursday,Night,Collision with a parked vehicle,The driver of the motor vehicle,Not tested,Clear,"Bus, trolleybus, tram stop. islet",Passenger car without a trailer,"Private, not used for business activity",No,5000,1837602.7853271726,6311916.011541599
1574,6/7/2017,0,0,0,Wednesday,Night,Collision with a parked vehicle,The driver of the motor vehicle,Not tested,Clear,Parking slot adjacent to the road,"Not identified, the driver has fled",Not identified,No,0,1843868.795490315,6304803.163785221
1575,6/7/2017,0,0,0,Wednesday,Day,Collision with a parked vehicle,The driver of the motor vehicle,No,Clear,None or none of listed,Passenger car without a trailer,"Private, not used for business activity",No,30000,1848331.341626257,6307467.279957113
1576,6/7/2017,0,0,0,Wednesday,Night,Collision with a parked vehicle,The driver of the motor vehicle,Not tested,Clear,None or none of listed,"Not identified, the driver has fled",Not identified,No,0,1846978.878942517,6312366.820948052
1577,6/7/2017,0,0,0,Wednesday,Day,Collision with a non rail vehicle ,The driver of the motor vehicle,Not tested,Clear,None or none of listed,"Not identified, the driver has fled",Not identified,No,0,1852655.7335949447,6309884.141772186
1578,6/7/2017,0,0,0,Wednesday,Night,Collision with a parked vehicle,The driver of the motor vehicle,Not tested,Clear,None or none of listed,Passenger car without a trailer,"Private, not used for business activity",No,0,1848454.6645864206,6310017.371824681
1579,6/7/2017,0,0,0,Wednesday,Day,Collision with a fixed obstacle,The driver of the motor vehicle,No,Clear,Parking slot adjacent to the road,Passenger car without a trailer,"Private, not used for business activity",No,1000,1837796.878985693,6313704.0393985845
1580,6/7/2017,0,0,0,Wednesday,Night,Collision with a parked vehicle,The driver of the motor vehicle,Not tested,Clear,None or none of listed,"Not identified, the driver has fled",Not identified,No,0,1849902.752493857,6314444.322696089
1581,6/7/2017,0,0,0,Wednesday,Day,Collision with a non rail vehicle ,The driver of the motor vehicle,Not tested,Clear,None or none of listed,Passenger car without a trailer,"Private, used for business activity",No,0,1847993.9463872379,6301629.385034968
1582,6/7/2017,0,0,0,Wednesday,Day,Collision with a non rail vehicle ,The driver of the motor vehicle,No,Clear,None or none of listed,Bus,Private company,No,1000,1839196.2749686271,6312652.675525535
1583,6/6/2017,0,0,0,Tuesday,Day,Collision with a parked vehicle,The driver of the motor vehicle,No,Clear,Parking slot adjacent to the road,Truck,Private company,No,1000,1849770.96535621,6308669.602481151
1584,6/6/2017,0,1,0,Tuesday,Day,Collision with pedestrian,Pedestrian,No,Clear,"Bus, trolleybus, tram stop. islet",Passenger car without a trailer,Private company,No,30000,1858611.2170366475,6310473.675630229
1585,6/6/2017,0,0,0,Tuesday,Night,Collision with a parked vehicle,The driver of the motor vehicle,No,Clear,None or none of listed,Passenger car without a trailer,Police,No,10000,1850974.804163271,6309624.698081742
1586,6/6/2017,0,0,0,Tuesday,Night,Collision with a non rail vehicle ,The driver of the motor vehicle,Under influence of alcohol,Clear,None or none of listed,Passenger car without a trailer,"Private, not used for business activity",No,5000,1851106.3793486087,6312572.227159499
1587,6/6/2017,0,0,0,Tuesday,Night,Collision with a parked vehicle,The driver of the motor vehicle,No,Clear,None or none of listed,Passenger car without a trailer,Police,No,10000,1848902.2102389433,6308101.304772985
1588,6/5/2017,0,0,0,Monday,Night,Collision with a parked vehicle,The driver of the motor vehicle,Not tested,Clear,"Bus, trolleybus, tram stop. islet",Passenger car without a trailer,"Private, not used for business activity",No,90000,1851703.4158339992,6307298.689423485
1589,6/5/2017,0,0,1,Monday,Day,Collision with pedestrian,The driver of the motor vehicle,No,Clear,Parking slot adjacent to the road,Passenger car without a trailer,"State enterprise, state organization",No,0,1845236.95266378,6315304.456928227
1590,6/5/2017,0,0,0,Monday,Day,Collision with a fixed obstacle,The driver of the motor vehicle,No,Clear,"Exit from the car park, forest roads, etc.",Passenger car without a trailer,"Private, not used for business activity",No,1000,1843427.7041418757,6303549.250375667
1591,6/5/2017,0,0,0,Monday,Day,Collision with a parked vehicle,The driver of the motor vehicle,No,Clear,None or none of listed,Truck,Private company,No,150000,1853158.7587666083,6306067.501122619
1592,6/5/2017,0,0,0,Monday,Day,Collision with a parked vehicle,The driver of the motor vehicle,Not tested,Clear,None or none of listed,Truck,Private company,No,5000,1843625.37928237,6305888.675550724
1593,6/5/2017,0,0,2,Monday,Day,Collision with a non rail vehicle ,The driver of the motor vehicle,No,Clear,None or none of listed,Passenger car without a trailer,"Private, not used for business activity",No,20000,1844314.4028478665,6310894.0811171215
1594,6/5/2017,0,0,0,Monday,Night,Collision with a parked vehicle,The driver of the motor vehicle,Not tested,Clear,None or none of listed,"Not identified, the driver has fled",Not identified,No,0,1847364.0023018983,6311221.680660933
1595,6/5/2017,0,0,0,Monday,Day,Collision with a parked vehicle,The driver of the motor vehicle,No,Clear,None or none of listed,Passenger car without a trailer,"Private, not used for business activity",No,10000,1846965.0248979344,6314036.129129886
1596,6/5/2017,0,0,2,Monday,Day,Collision with a non rail vehicle ,The driver of the motor vehicle,Not tested,Clear,None or none of listed,Motorbike,"Private, not used for business activity",No,10000,1852603.0515346115,6309135.130533157
1597,6/4/2017,0,0,1,Sunday,Night,Collision with a non rail vehicle ,The driver of the motor vehicle,No,Clear,None or none of listed,Passenger car without a trailer,"Private, not used for business activity",No,0,1837645.3685946248,6307398.507609257
1598,6/4/2017,0,0,0,Sunday,Day,Collision with a parked vehicle,The driver of the motor vehicle,No,Clear,Parking slot adjacent to the road,Passenger car without a trailer,Private company,No,80000,1852009.734790008,6306438.499486749
1599,6/4/2017,0,0,1,Sunday,Day,Crash,The driver of the motor vehicle,No,Clear,None or none of listed,Passenger car without a trailer,"Private, not used for business activity",Yes,80000,1839486.8340903653,6308087.846549807
1600,6/4/2017,0,0,1,Sunday,Day,Collision with a non rail vehicle ,The driver of the motor vehicle,Under influence of drugs,Clear,"Exit from the car park, forest roads, etc.",Motorbike,"Private, not used for business activity",No,10000,1854733.4079182013,6307180.022473088
1601,6/4/2017,0,0,0,Sunday,Day,Other collisions,The driver of the motor vehicle,Not tested,Clear,Pedestrian crossing,"Not identified, the driver has fled",Not identified,No,0,1847153.1278980582,6313315.550913054
1602,6/4/2017,0,0,0,Sunday,Night,Collision with a parked vehicle,The driver of the motor vehicle,Not tested,Clear,Parking slot adjacent to the road,Passenger car without a trailer,Private company,No,3000,1850560.991767368,6314725.4306331705
1603,6/4/2017,0,0,1,Sunday,Day,Other collisions,The driver of the motor vehicle,No,Clear,None or none of listed,Bus,Public transport,No,0,1844117.055877222,6311493.62217788
1604,6/4/2017,0,0,0,Sunday,Night,Collision with a parked vehicle,The driver of the motor vehicle,Not tested,Clear,None or none of listed,"Not identified, the driver has fled",Not identified,No,0,1846580.4732754608,6312513.757514816
1605,6/4/2017,0,0,1,Sunday,Day,Crash,Driver of a non-motorized vehicle,No,Clear,None or none of listed,Bicycle,"Private, not used for business activity",No,1000,1838898.1210746227,6309554.766077891
1606,6/4/2017,0,0,0,Sunday,Day,Collision with a parked vehicle,The driver of the motor vehicle,Not tested,Clear,Parking slot adjacent to the road,Passenger car without a trailer,"Private, not used for business activity",No,2000,1851412.2182949749,6310765.673224841
1607,6/3/2017,0,0,0,Saturday,Day,Collision with a fixed obstacle,The driver of the motor vehicle,No,Other dificult,Parking slot adjacent to the road,Passenger car without a trailer,Private company,No,20000,1846903.4652195228,6314022.493510303
1608,6/3/2017,0,0,0,Saturday,Day,Collision with a non rail vehicle ,The driver of the motor vehicle,Not tested,Clear,None or none of listed,Passenger car without a trailer,"Private, not used for business activity",No,0,1853680.0172916227,6307800.968045411
1609,6/3/2017,0,0,0,Saturday,Night,Collision with a parked vehicle,The driver of the motor vehicle,Not tested,Clear,Parking slot adjacent to the road,"Not identified, the driver has fled",Not identified,No,0,1849707.8547746527,6308907.443235975
1610,6/3/2017,0,0,2,Saturday,Day,Collision with a non rail vehicle ,Driver of a non-motorized vehicle,No,Clear,Pedestrian crossing,Bicycle,"Private, not used for business activity",No,1000,1848402.793488576,6310162.416804549
1611,6/3/2017,0,0,0,Saturday,Day,Collision with a parked vehicle,The driver of the motor vehicle,Not tested,Clear,Parking slot adjacent to the road,Passenger car without a trailer,"Private, not used for business activity",No,1000,1854151.9610595831,6300276.133281024
1612,6/3/2017,0,0,0,Saturday,Day,Collision with a non rail vehicle ,The driver of the motor vehicle,No,Clear,None or none of listed,Passenger car without a trailer,"Private, not used for business activity",No,5000,1836133.740746359,6319049.826048747
1613,6/2/2017,0,0,0,Friday,Night,Collision with a parked vehicle,The driver of the motor vehicle,Not tested,Clear,Parking slot adjacent to the road,"Not identified, the driver has fled",Not identified,No,0,1846885.0763528368,6307248.614019426
1614,6/2/2017,0,0,1,Friday,Day,Collision with a parked vehicle,The driver of the motor vehicle,No,Clear,Parking slot adjacent to the road,Passenger car without a trailer,"Private, not used for business activity",No,50000,1847335.3885173474,6307996.251514078
1615,6/2/2017,0,0,1,Friday,Day,Crash,The driver of the motor vehicle,No,Clear,"Bridge, overpass, underpass, tunnel",Motorbike,"Private, not used for business activity",No,10000,1853370.5697013235,6313586.115565883
1616,6/2/2017,0,1,0,Friday,Day,Collision with a parked vehicle,The driver of the motor vehicle,No,Clear,None or none of listed,Passenger car without a trailer,"Private, not used for business activity",No,150000,1856701.3329120777,6304801.167057412
1617,6/2/2017,0,0,1,Friday,Day,Other collisions,The driver of the motor vehicle,Not tested,Clear,None or none of listed,"Not identified, the driver has fled",Not identified,No,0,1846028.29286757,6311455.377879843
1618,6/2/2017,0,0,0,Friday,Night,Collision with a parked vehicle,The driver of the motor vehicle,Not tested,Clear,None or none of listed,"Not identified, the driver has fled",Not identified,No,0,1846930.0425253124,6313257.771386038
1619,6/2/2017,0,0,0,Friday,Day,Collision with a non rail vehicle ,The driver of the motor vehicle,Not tested,Clear,Near the pedestrian crossing,"Not identified, the driver has fled",Not identified,No,0,1847783.573589021,6309945.011285994
1620,6/2/2017,0,0,0,Friday,Night,Collision with a parked vehicle,The driver of the motor vehicle,Not tested,Clear,None or none of listed,"Not identified, the driver has fled",Not identified,No,0,1850969.1047166637,6312104.369393849
1621,6/2/2017,0,0,1,Friday,Day,Collision with pedestrian,Pedestrian,No,Clear,Pedestrian crossing,Passenger car without a trailer,"Private, not used for business activity",No,10000,1852758.126932372,6312413.142251106
1622,6/2/2017,0,0,0,Friday,Day,Collision with a parked vehicle,The driver of the motor vehicle,Not tested,Clear,Parking slot adjacent to the road,"Not identified, the driver has fled",Not identified,No,0,1857403.441861071,6305304.705672557
1623,6/2/2017,0,0,0,Friday,Day,Collision with a non rail vehicle ,The driver of the motor vehicle,No,Clear,Near the pedestrian crossing,Passenger car without a trailer,"Private, used for business activity",No,0,1840843.0865348454,6312593.563446727