OBJECTID,Date,Dead,Serious injuries,Light injuries,Day of the week,Day/Night,Type of the accident,Cause of the accident,Alcohol or drugs,Weather conditions,Place,Vehicle type,Vehicle characteristic,Skid,Total damage in Czk,x,y
1624,6/2/2017,0,0,0,Friday,Day,Collision with a non rail vehicle ,The driver of the motor vehicle,No,Clear,Gas station,Passenger car without a trailer,"Private, not used for business activity",No,20000,1847799.705898305,6302426.477243649
1625,6/2/2017,0,0,0,Friday,Night,Collision with a parked vehicle,The driver of the motor vehicle,Not tested,Clear,Parking slot adjacent to the road,"Not identified, the driver has fled",Not identified,No,0,1851130.489369201,6314395.007911252
1626,6/1/2017,0,0,0,Thursday,Day,Collision with a fixed obstacle,The driver of the motor vehicle,No,Clear,None or none of listed,Truck,Private company,No,0,1848713.6340196636,6308093.986252466
1627,6/1/2017,0,0,0,Thursday,Day,Collision with a fixed obstacle,The driver of the motor vehicle,No,Clear,Pedestrian crossing,"Not identified, the driver has fled",Not identified,No,0,1848834.16686811,6310431.598646077
1628,6/1/2017,0,0,0,Thursday,Day,Collision with a fixed obstacle,The driver of the motor vehicle,No,Clear,Near the pedestrian crossing,Passenger car without a trailer,Private company,No,10000,1849107.0059306643,6307226.2181784
1629,6/1/2017,0,0,0,Thursday,Day,Collision with a fixed obstacle,The driver of the motor vehicle,No,Clear,Pedestrian crossing,Truck,"Private, not used for business activity",No,0,1851440.7531540126,6308721.50493732
1630,6/1/2017,0,0,1,Thursday,Day,Crash,The driver of the motor vehicle,No,Clear,Near the pedestrian crossing,Motorbike,The Municipal Police,No,20000,1858288.153736787,6310040.70029258
1631,6/1/2017,0,0,1,Thursday,Day,Collision with a fixed obstacle,The driver of the motor vehicle,No,Clear,None or none of listed,Small motorbike,"Private, not used for business activity",No,30000,1846275.5469262789,6311865.930160008
1632,6/1/2017,0,0,1,Thursday,Day,Collision with a non rail vehicle ,The driver of the motor vehicle,No,Clear,"Bridge, overpass, underpass, tunnel",Passenger car without a trailer,"Private, not used for business activity",No,120000,1852063.67720962,6308202.211979912
1633,6/1/2017,0,0,0,Thursday,Night,Collision with a parked vehicle,The driver of the motor vehicle,Not tested,Clear,Parking slot adjacent to the road,"Not identified, the driver has fled",Not identified,No,0,1842737.3096768507,6306828.886023634
1634,6/1/2017,0,0,0,Thursday,Night,Collision with a parked vehicle,The driver of the motor vehicle,Not tested,Clear,Parking slot adjacent to the road,"Not identified, the driver has fled",Not identified,No,0,1849485.8439689525,6307762.79126786
1635,6/1/2017,0,0,0,Thursday,Day,Collision with a parked vehicle,The driver of the motor vehicle,Not tested,Clear,Parking slot adjacent to the road,Passenger car without a trailer,"Private, not used for business activity",No,2000,1842916.630904989,6303363.340872715
1636,5/31/2017,0,0,0,Wednesday,Night,Collision with a fixed obstacle,The driver of the motor vehicle,No,Rain,None or none of listed,Passenger car without a trailer,"Private, not used for business activity",Yes,50000,1843769.8569532915,6302370.399080631
1637,5/31/2017,0,0,1,Wednesday,Day,Crash,The driver of the motor vehicle,No,Clear,None or none of listed,Motorbike,"Private, not used for business activity",No,50000,1843284.0163940599,6304252.482784351
1638,5/31/2017,0,0,1,Wednesday,Day,Collision with a non rail vehicle ,The driver of the motor vehicle,No,Clear,None or none of listed,Passenger car without a trailer,"Private, not used for business activity",No,5000,1851776.3221967793,6307084.741351864
1639,5/31/2017,0,0,0,Wednesday,Night,Collision with a parked vehicle,The driver of the motor vehicle,Not tested,Clear,Parking slot adjacent to the road,"Not identified, the driver has fled",Not identified,No,0,1850798.60411102,6303950.650342227
1640,5/31/2017,0,0,1,Wednesday,Day,Collision with a fixed obstacle,The driver of the motor vehicle,No,Clear,None or none of listed,Truck,Private company,No,15000,1852151.6471032605,6312077.738257038
1641,5/31/2017,0,0,0,Wednesday,Day,Collision with a fixed obstacle,The driver of the motor vehicle,No,Clear,None or none of listed,Truck with semi-trailer,Private company,No,0,1850260.4895887088,6307099.956274233
1642,5/31/2017,0,0,0,Wednesday,Day,Collision with a parked vehicle,The driver of the motor vehicle,Not tested,Clear,None or none of listed,"Not identified, the driver has fled",Not identified,No,0,1849129.440926881,6308895.025846624
1643,5/31/2017,0,0,2,Wednesday,Day,Collision with a non rail vehicle ,The driver of the motor vehicle,No,Clear,Near the pedestrian crossing,Passenger car without a trailer,"Private, not used for business activity",No,40000,1849542.6442938556,6306482.050887741
1644,5/31/2017,0,0,1,Wednesday,Day,Collision with a non rail vehicle ,The driver of the motor vehicle,No,Clear,Pedestrian crossing,Passenger car without a trailer,"Private, not used for business activity",No,5000,1847452.531019383,6302777.665436045
1645,5/31/2017,0,0,0,Wednesday,Night,Collision with a parked vehicle,The driver of the motor vehicle,Not tested,Clear,"Exit from the car park, forest roads, etc.","Not identified, the driver has fled",Not identified,No,0,1850726.9229305517,6316540.65426122
1646,5/30/2017,0,0,1,Tuesday,Day,Collision with a tram,The driver of the motor vehicle,No,Clear,None or none of listed,Truck,Private company,No,0,1844381.321335239,6311345.6846679365
1647,5/30/2017,0,0,2,Tuesday,Day,Collision with pedestrian,Driver of a non-motorized vehicle,No,Clear,Pedestrian crossing,Bicycle,"Private, not used for business activity",No,2000,1846282.5767521244,6315396.320206015
1648,5/30/2017,0,0,1,Tuesday,Day,Collision with pedestrian,Pedestrian,No,Clear,Near the pedestrian crossing,Truck,"Private, not used for business activity",No,1000,1845063.2893600878,6312080.040244416
1649,5/30/2017,0,0,1,Tuesday,Day,Crash,The driver of the motor vehicle,No,Clear,"Exit from the car park, forest roads, etc.",Truck,Private company,No,0,1846882.4428676448,6318484.235101609
1650,5/30/2017,0,0,1,Tuesday,Day,Collision with a tram,The driver of the motor vehicle,No,Clear,Near the pedestrian crossing,Passenger car without a trailer,Private company,No,70000,1849006.3185644387,6308814.615912174
1651,5/30/2017,0,0,0,Tuesday,Day,Collision with a parked vehicle,The driver of the motor vehicle,Not tested,Clear,None or none of listed,Passenger car without a trailer,"Private, not used for business activity",No,10000,1846323.777097538,6309571.875639943
1652,5/30/2017,0,0,1,Tuesday,Day,Collision with a non rail vehicle ,The driver of the motor vehicle,No,Clear,None or none of listed,Truck,Private company,No,20000,1853517.2509415606,6301156.306786919
1653,5/30/2017,0,0,2,Tuesday,Day,Collision with a non rail vehicle ,The driver of the motor vehicle,No,Clear,None or none of listed,Motorbike,"Private, not used for business activity",No,20000,1847948.0295463097,6308995.233663153
1654,5/30/2017,0,0,0,Tuesday,Day,Collision with a non rail vehicle ,The driver of the motor vehicle,No,Clear,None or none of listed,Passenger car without a trailer,"Private, not used for business activity",No,1000,1849756.5383502056,6306843.791347181
1655,5/30/2017,0,0,1,Tuesday,Day,Collision with pedestrian,Pedestrian,Under influence of alcohol,Clear,None or none of listed,Bicycle,"Private, not used for business activity",No,0,1847348.0322964306,6312877.980001823
1656,5/30/2017,0,0,0,Tuesday,Night,Crash,The driver of the motor vehicle,Not tested,Clear,Parking slot adjacent to the road,"Not identified, the driver has fled",Not identified,No,0,1852742.6457307888,6312197.875671991
1657,5/29/2017,0,0,0,Monday,Night,Collision with a parked vehicle,The driver of the motor vehicle,Not tested,Clear,Parking slot adjacent to the road,Passenger car without a trailer,"Private, not used for business activity",No,2000,1837841.1054401542,6311530.1495165
1658,5/29/2017,0,0,0,Monday,Day,Collision with a non rail vehicle ,The driver of the motor vehicle,No,Clear,None or none of listed,Passenger car without a trailer,Private company,No,150000,1840334.0301844878,6304372.919719312
1659,5/29/2017,0,0,2,Monday,Day,Collision with a non rail vehicle ,The driver of the motor vehicle,No,Clear,Gas station,Passenger car without a trailer,"Private, not used for business activity",No,10000,1849163.7669597848,6306915.692462523
1660,5/29/2017,0,0,0,Monday,Night,Collision with a fixed obstacle,The driver of the motor vehicle,Not tested,Clear,None or none of listed,"Not identified, the driver has fled",Not identified,No,0,1848302.4571127011,6312167.186617331
1661,5/29/2017,0,0,1,Monday,Day,Collision with pedestrian,Driver of a non-motorized vehicle,Not tested,Clear,"Bridge, overpass, underpass, tunnel","Not identified, the driver has fled",Not identified,No,0,1840486.1247802482,6313637.458869969
1662,5/29/2017,0,0,0,Monday,Day,Collision with a non rail vehicle ,The driver of the motor vehicle,No,Clear,Gas station,Passenger car with trailer,Registered outside of the Czech Republic,No,0,1850858.361304233,6312614.678215923
1663,5/29/2017,0,0,1,Monday,Day,Collision with pedestrian,Pedestrian,No,Clear,Pedestrian crossing,Passenger car without a trailer,"Private, not used for business activity",No,5000,1848103.7173125928,6305003.785405009
1664,5/29/2017,0,0,0,Monday,Day,Collision with a non rail vehicle ,The driver of the motor vehicle,No,Clear,Near the pedestrian crossing,Passenger car without a trailer,"Private, not used for business activity",No,20000,1848686.0893474973,6311862.0550394375
1665,5/29/2017,0,1,1,Monday,Night,Crash,The driver of the motor vehicle,Not tested,Clear,None or none of listed,Passenger car without a trailer,Private company,No,500000,1852768.3823517775,6297357.409864942
1666,5/29/2017,0,0,0,Monday,Day,Collision with a parked vehicle,The driver of the motor vehicle,Not tested,Clear,Parking slot adjacent to the road,"Not identified, the driver has fled",Not identified,No,0,1843649.664185887,6303273.24600579
1667,5/28/2017,0,0,0,Sunday,Day,Collision with a non rail vehicle ,The driver of the motor vehicle,No,Clear,None or none of listed,Passenger car without a trailer,Private company,No,15000,1847454.6218220575,6302101.287682781
1668,5/28/2017,0,0,0,Sunday,Day,Collision with a parked vehicle,The driver of the motor vehicle,No,Clear,Parking slot adjacent to the road,Passenger car without a trailer,"Private, not used for business activity",No,90000,1853248.5937069978,6300289.071357831
1669,5/28/2017,0,0,0,Sunday,Night,Collision with a parked vehicle,The driver of the motor vehicle,Not tested,Clear,Parking slot adjacent to the road,"Not identified, the driver has fled",Not identified,No,0,1850166.3826515384,6312083.264595741
1670,5/27/2017,0,0,1,Saturday,Day,Other collisions,The driver of the motor vehicle,No,Clear,None or none of listed,"Not identified, the driver has fled",Not identified,No,0,1844861.570650403,6311868.878000088
1671,5/27/2017,0,0,1,Saturday,Day,Collision with a non rail vehicle ,The driver of the motor vehicle,No,Clear,Near the pedestrian crossing,Passenger car without a trailer,"Private, not used for business activity",No,20000,1853089.256219894,6308089.398765425
1672,5/27/2017,0,0,0,Saturday,Day,Collision with a parked vehicle,The driver of the motor vehicle,Under influence of alcohol,Clear,None or none of listed,Passenger car without a trailer,"Private, not used for business activity",No,30000,1852333.695324961,6310141.7914073495
1673,5/27/2017,0,0,0,Saturday,Night,Collision with a parked vehicle,The driver of the motor vehicle,Not tested,Clear,None or none of listed,"Not identified, the driver has fled",Not identified,No,0,1847294.9015072235,6308930.018681709
1674,5/27/2017,0,0,0,Saturday,Day,Collision with a parked vehicle,The driver of the motor vehicle,No,Clear,None or none of listed,Passenger car without a trailer,"Private, not used for business activity",No,1000,1851064.2372403026,6301555.054900932
1675,5/27/2017,0,0,0,Saturday,Day,Collision with a non rail vehicle ,The driver of the motor vehicle,No,Clear,Pedestrian crossing,Passenger car without a trailer,Registered outside of the Czech Republic,No,30000,1855243.6801000307,6308931.105954534
1676,5/27/2017,0,1,0,Saturday,Day,Collision with a non rail vehicle ,The driver of the motor vehicle,No,Clear,Near the pedestrian crossing,Passenger car without a trailer,"Private, not used for business activity",No,0,1850954.9646923027,6315107.15311749
1677,5/26/2017,0,0,0,Friday,Night,Collision with a non rail vehicle ,The driver of the motor vehicle,No,Clear,Near the pedestrian crossing,Passenger car without a trailer,"Private, not used for business activity",No,2000,1849624.5781107463,6308200.4491899535
1678,5/26/2017,0,0,1,Friday,Day,Collision with a non rail vehicle ,The driver of the motor vehicle,No,Clear,None or none of listed,Passenger car without a trailer,"Private, not used for business activity",No,0,1854075.6984141448,6309288.076862052
1679,5/26/2017,0,0,0,Friday,Day,Collision with a non rail vehicle ,The driver of the motor vehicle,Not tested,Clear,None or none of listed,Passenger car without a trailer,Private company,No,5000,1845006.4280321037,6306555.256444232
1680,5/26/2017,0,0,0,Friday,Day,Other collisions,The driver of the motor vehicle,Not tested,Clear,None or none of listed,Other motor vehicle,Private company,No,5000,1850292.2168681012,6300955.398004783
1681,5/26/2017,0,0,0,Friday,Night,Collision with a parked vehicle,The driver of the motor vehicle,Not tested,Clear,Parking slot adjacent to the road,"Not identified, the driver has fled",Not identified,No,0,1849337.8376928198,6302935.9319932675
1682,5/26/2017,0,0,1,Friday,Day,Collision with a non rail vehicle ,The driver of the motor vehicle,No,Clear,Parking slot adjacent to the road,Motorbike,"Private, not used for business activity",No,10000,1845801.4042644228,6310904.592400697
1683,5/26/2017,0,0,0,Friday,Night,Collision with a parked vehicle,The driver of the motor vehicle,Not tested,Clear,Parking slot adjacent to the road,"Not identified, the driver has fled",Not identified,No,0,1847484.2714344691,6306262.040015448
1684,5/26/2017,0,0,0,Friday,Night,Other collisions,The driver of the motor vehicle,Not tested,Clear,Parking slot adjacent to the road,"Not identified, the driver has fled",Not identified,No,0,1846415.380793316,6315419.504332743
1685,5/26/2017,0,0,0,Friday,Day,Other collisions,Another road user,No,Clear,Parking slot adjacent to the road,"Carriage, horse riding",Police,No,0,1849353.399044437,6308446.7798345545
1686,5/26/2017,0,0,0,Friday,Night,Collision with a parked vehicle,The driver of the motor vehicle,Not tested,Clear,Gas station,"Not identified, the driver has fled",Not identified,No,0,1854537.7044685201,6310164.543959122
1687,5/26/2017,0,0,0,Friday,Day,Collision with a parked vehicle,The driver of the motor vehicle,Not tested,Clear,None or none of listed,Passenger car without a trailer,"Private, not used for business activity",No,2000,1847925.5233056191,6308862.528650674
1688,5/26/2017,0,0,0,Friday,Night,Collision with a parked vehicle,The driver of the motor vehicle,Not tested,Clear,Parking slot adjacent to the road,"Not identified, the driver has fled",Not identified,No,0,1854562.1822887124,6309794.2756769005
1689,5/26/2017,0,0,0,Friday,Night,Collision with a parked vehicle,The driver of the motor vehicle,Not tested,Clear,None or none of listed,"Not identified, the driver has fled",Not identified,No,0,1852269.2624904974,6310700.546096625
1690,5/26/2017,0,0,0,Friday,Night,Collision with a fixed obstacle,The driver of the motor vehicle,Under influence of alcohol,Clear,"Bus, trolleybus, tram stop. islet",Passenger car without a trailer,"Private, not used for business activity",No,0,1847431.8744633493,6307222.871514064
1691,5/26/2017,0,0,0,Friday,Day,Collision with a fixed obstacle,The driver of the motor vehicle,Not tested,Clear,Parking slot adjacent to the road,Truck,"Private, used for business activity",No,5000,1844088.4169344662,6304511.792969987
1692,5/26/2017,0,0,0,Friday,Day,Collision with a non rail vehicle ,The driver of the motor vehicle,Not tested,Clear,"Bus stop, trolleybus, tramway without boarding. islet",Truck,Private company,No,0,1852606.990908747,6310330.242669566
1693,5/25/2017,0,0,0,Thursday,Night,Collision with a parked vehicle,The driver of the motor vehicle,Not tested,Clear,None or none of listed,"Not identified, the driver has fled",Not identified,No,0,1848890.658170103,6311897.876880116
1694,5/25/2017,0,0,0,Thursday,Night,Collision with a parked vehicle,The driver of the motor vehicle,Not tested,Clear,None or none of listed,"Not identified, the driver has fled",Not identified,No,0,1845716.3395868505,6316176.429011191
1695,5/25/2017,0,0,1,Thursday,Day,Collision with a pet,"Forest animals, pets",Not tested,Clear,None or none of listed,Bicycle,"Private, not used for business activity",No,1000,1845533.1537912742,6302436.219406796
1696,5/25/2017,0,0,0,Thursday,Day,Collision with a non rail vehicle ,The driver of the motor vehicle,No,Clear,"Bus, trolleybus, tram stop. islet",Passenger car without a trailer,"Private, not used for business activity",Yes,10000,1849606.323829325,6311777.355179103
1697,5/25/2017,0,0,0,Thursday,Day,Other collisions,The driver of the motor vehicle,Not tested,Clear,"Bridge, overpass, underpass, tunnel","Not identified, the driver has fled",Not identified,No,0,1858145.2948739044,6306212.372703877
1698,5/25/2017,0,0,0,Thursday,Night,Collision with a parked vehicle,The driver of the motor vehicle,Not tested,Clear,Parking slot adjacent to the road,"Not identified, the driver has fled",Not identified,No,0,1851144.5838638912,6310104.516967565
1699,5/25/2017,0,0,0,Thursday,Night,Collision with a fixed obstacle,The driver of the motor vehicle,Not tested,Clear,"Bridge, overpass, underpass, tunnel","Not identified, the driver has fled",Not identified,No,0,1854883.0616114826,6295953.7790295435
1700,5/24/2017,0,0,0,Wednesday,Day,Collision with a non rail vehicle ,The driver of the motor vehicle,No,Clear,None or none of listed,Truck with trailer,Private company,No,10000,1844463.019488773,6307963.6472297935
1701,5/24/2017,0,0,0,Wednesday,Day,Collision with pedestrian,Pedestrian,Not tested,Clear,None or none of listed,Passenger car without a trailer,"Private, not used for business activity",No,80000,1851877.545121081,6311107.676743319
1702,5/24/2017,0,0,0,Wednesday,Day,Collision with a fixed obstacle,The driver of the motor vehicle,No,Clear,None or none of listed,Passenger car without a trailer,"Private, not used for business activity",No,350000,1853346.0902113381,6299376.18993166
1703,5/24/2017,0,0,0,Wednesday,Day,Collision with a non rail vehicle ,The driver of the motor vehicle,No,Clear,None or none of listed,Passenger car without a trailer,"Private, not used for business activity",No,120000,1850449.5211047065,6310498.339401582
1704,5/24/2017,0,0,0,Wednesday,Day,Collision with a non rail vehicle ,The driver of the motor vehicle,No,Clear,None or none of listed,Passenger car without a trailer,"Private, not used for business activity",No,30000,1844157.6824819853,6308286.997365559
1705,5/24/2017,0,0,0,Wednesday,Night,Collision with a parked vehicle,The driver of the motor vehicle,Not tested,Clear,None or none of listed,"Not identified, the driver has fled",Not identified,No,0,1845327.3829408064,6319485.668991798
1706,5/24/2017,0,0,0,Wednesday,Day,Collision with a non rail vehicle ,The driver of the motor vehicle,No,Clear,None or none of listed,Passenger car without a trailer,Registered outside of the Czech Republic,No,50000,1844775.8113392137,6310623.452117237
1707,5/24/2017,0,0,0,Wednesday,Night,Collision with a parked vehicle,The driver of the motor vehicle,Not tested,Clear,None or none of listed,"Not identified, the driver has fled",Not identified,No,0,1851554.032535755,6310577.367285
1708,5/23/2017,0,0,0,Tuesday,Night,Collision with a parked vehicle,The driver of the motor vehicle,Not tested,Clear,None or none of listed,"Not identified, the driver has fled",Not identified,No,0,1855120.571652523,6310163.1595365275
1709,5/23/2017,0,0,0,Tuesday,Night,Collision with a fixed obstacle,The driver of the motor vehicle,Not tested,Clear,"Bridge, overpass, underpass, tunnel","Not identified, the driver has fled",Not identified,No,0,1851596.4959121183,6302710.6078645075
1710,5/23/2017,0,0,0,Tuesday,Night,Collision with a fixed obstacle,The driver of the motor vehicle,Not tested,Clear,None or none of listed,"Not identified, the driver has fled",Not identified,No,0,1854546.5130685102,6307479.489476468
1711,5/23/2017,0,0,1,Tuesday,Day,Collision with pedestrian,The driver of the motor vehicle,No,Clear,None or none of listed,Passenger car without a trailer,Private company,No,1000,1839293.0252984208,6313672.716023112
1712,5/23/2017,0,0,0,Tuesday,Day,Other collisions,Road defect,Not tested,Clear,Parking slot adjacent to the road,Truck,Private company,No,30000,1848360.438314759,6299346.249488991
1713,5/23/2017,0,0,0,Tuesday,Night,Collision with a fixed obstacle,The driver of the motor vehicle,Not tested,Clear,None or none of listed,"Not identified, the driver has fled",Not identified,No,0,1849274.8859641792,6307534.702431928
1714,5/23/2017,0,0,0,Tuesday,Night,Collision with a parked vehicle,The driver of the motor vehicle,Not tested,Clear,Parking slot adjacent to the road,"Not identified, the driver has fled",Not identified,No,0,1840070.2160156916,6313098.129793836
1715,5/23/2017,0,0,0,Tuesday,Day,Collision with a non rail vehicle ,The driver of the motor vehicle,No,Clear,None or none of listed,Passenger car without a trailer,"Private, not used for business activity",No,200000,1852136.3270922971,6307048.105194678
1716,5/23/2017,0,0,1,Tuesday,Day,Collision with a non rail vehicle ,Driver of a non-motorized vehicle,No,Clear,None or none of listed,Other type of vehicle,"Private, not used for business activity",No,5000,1850728.0276651767,6307033.1679992145
1717,5/23/2017,0,0,0,Tuesday,Night,Collision with a fixed obstacle,The driver of the motor vehicle,Not tested,Clear,None or none of listed,"Not identified, the driver has fled",Not identified,No,0,1848820.8152083852,6307531.822709823
1718,5/23/2017,0,0,0,Tuesday,Night,Collision with a parked vehicle,The driver of the motor vehicle,Not tested,Clear,Parking slot adjacent to the road,"Not identified, the driver has fled",Not identified,No,0,1851219.642589031,6314047.396615161
1719,5/23/2017,0,0,0,Tuesday,Night,Collision with a fixed obstacle,The driver of the motor vehicle,No,Clear,None or none of listed,Passenger car without a trailer,"Private, not used for business activity",No,1000,1849347.9379328575,6308261.255435527
1720,5/23/2017,0,0,1,Tuesday,Day,Collision with a non rail vehicle ,The driver of the motor vehicle,No,Clear,None or none of listed,Passenger car without a trailer,"Private, not used for business activity",No,10000,1843856.5963212778,6306073.118722601
1721,5/22/2017,0,0,1,Monday,Day,Collision with pedestrian,The driver of the motor vehicle,No,Clear,Pedestrian crossing,Passenger car without a trailer,"Private, not used for business activity",No,0,1840405.297145133,6313374.093794898
1722,5/22/2017,0,0,0,Monday,Day,Collision with a fixed obstacle,The driver of the motor vehicle,No,Clear,None or none of listed,Truck,Private company,No,1000,1848557.5727764901,6308295.015181094
1723,5/22/2017,0,0,1,Monday,Day,Collision with a non rail vehicle ,The driver of the motor vehicle,No,Clear,None or none of listed,Passenger car without a trailer,Private company,No,120000,1848132.8173406818,6303170.076618385
1724,5/22/2017,0,0,0,Monday,Day,Collision with a fixed obstacle,The driver of the motor vehicle,Not tested,Clear,None or none of listed,Truck,"Private, not used for business activity",No,0,1848699.3680929546,6307604.565888761
1725,5/22/2017,0,0,0,Monday,Day,Collision with a fixed obstacle,The driver of the motor vehicle,No,Clear,"Exit from the car park, forest roads, etc.",Truck,Private company,No,0,1849760.038902911,6308223.590181466
1726,5/22/2017,0,0,0,Monday,Day,Collision with a non rail vehicle ,The driver of the motor vehicle,No,Clear,None or none of listed,Passenger car without a trailer,"Private, not used for business activity",No,200000,1846807.4606189963,6306527.93841063
1727,5/22/2017,0,0,0,Monday,Night,Collision with a parked vehicle,The driver of the motor vehicle,Not tested,Clear,Parking slot adjacent to the road,"Not identified, the driver has fled",Not identified,No,0,1848372.8969695312,6311470.631201658
1728,5/22/2017,0,0,0,Monday,Night,Collision with a parked vehicle,The driver of the motor vehicle,Not tested,Clear,None or none of listed,"Not identified, the driver has fled",Not identified,No,0,1848306.8324139654,6306938.548719095
1729,5/22/2017,0,0,0,Monday,Day,Collision with a fixed obstacle,The driver of the motor vehicle,No,Clear,Pedestrian crossing,Passenger car without a trailer,"Private, not used for business activity",No,20000,1851020.0474099591,6314020.468173754
1730,5/22/2017,0,0,0,Monday,Day,Collision with a parked vehicle,The driver of the motor vehicle,Not tested,Clear,Parking slot adjacent to the road,Passenger car without a trailer,"Private, not used for business activity",No,5000,1854631.5543689837,6307268.773631679
1731,5/22/2017,0,0,0,Monday,Night,Collision with a parked vehicle,The driver of the motor vehicle,Not tested,Clear,Parking slot adjacent to the road,"Not identified, the driver has fled",Not identified,No,0,1842618.0742570674,6303393.658735116
1732,5/22/2017,0,0,0,Monday,Night,Collision with a parked vehicle,The driver of the motor vehicle,Not tested,Clear,None or none of listed,"Not identified, the driver has fled",Not identified,No,0,1852729.0777772903,6312565.692011983
1733,5/22/2017,0,0,2,Monday,Night,Collision with a non rail vehicle ,The driver of the motor vehicle,No,Clear,Pedestrian crossing,Passenger car without a trailer,Private company,No,200000,1852647.4198100977,6310896.846624264
1734,5/22/2017,0,0,0,Monday,Night,Collision with a parked vehicle,The driver of the motor vehicle,Not tested,Clear,Parking slot adjacent to the road,"Not identified, the driver has fled",Not identified,No,0,1844240.2737517904,6305000.350052612
1735,5/22/2017,0,0,0,Monday,Night,Collision with a parked vehicle,The driver of the motor vehicle,Not tested,Clear,None or none of listed,"Not identified, the driver has fled",Not identified,No,0,1844956.777869421,6315765.5161693925
1736,5/22/2017,0,0,0,Monday,Day,Collision with a parked vehicle,The driver of the motor vehicle,Not tested,Clear,"Bus stop, trolleybus, tramway without boarding. islet",Passenger car without a trailer,"Private, not used for business activity",No,0,1848154.5492429954,6306964.785152328
1737,5/22/2017,0,0,0,Monday,Day,Collision with a parked vehicle,The driver of the motor vehicle,Not tested,Clear,None or none of listed,"Not identified, the driver has fled",Not identified,No,0,1850847.7035761836,6309979.634653796
1738,5/22/2017,0,0,1,Monday,Night,Crash,The driver of the motor vehicle,Not tested,Clear,Near the pedestrian crossing,"Not identified, the driver has fled",Not identified,No,0,1848420.6056089734,6310151.9865303775
1739,5/21/2017,0,0,1,Sunday,Day,Collision with pedestrian,Pedestrian,No,Clear,None or none of listed,Passenger car without a trailer,"Private, not used for business activity",No,0,1851094.2647823882,6310027.839587885
1740,5/21/2017,0,0,0,Sunday,Day,Collision with a fixed obstacle,Other,Not tested,Clear,None or none of listed,Bus,Public transport,No,20000,1846046.7018830797,6306120.35490762
1741,5/21/2017,0,0,0,Sunday,Day,Collision with a non rail vehicle ,The driver of the motor vehicle,Not tested,Clear,Pedestrian crossing,Passenger car without a trailer,Private company,No,0,1847743.649966843,6309923.357973441
1742,5/21/2017,0,0,0,Sunday,Night,Collision with a parked vehicle,The driver of the motor vehicle,Not tested,Clear,Parking slot adjacent to the road,"Not identified, the driver has fled",Not identified,No,0,1845495.2502838944,6319434.657098071
1743,5/21/2017,0,0,1,Sunday,Day,Collision with pedestrian,The driver of the motor vehicle,No,Clear,"Bus, trolleybus, tram stop. islet",Troleybus,Public transport,No,0,1844752.1077460807,6307752.911271782
1744,5/21/2017,0,0,1,Sunday,Night,Collision with a non rail vehicle ,The driver of the motor vehicle,No,Clear,Near the pedestrian crossing,Passenger car without a trailer,"Private, not used for business activity",No,10000,1849799.4325329917,6307497.88393201
1745,5/20/2017,0,0,0,Saturday,Night,Collision with wildlife animals,"Forest animals, pets",Not tested,Clear,None or none of listed,Truck with semi-trailer,Registered outside of the Czech Republic,No,50000,1844714.2829415775,6302236.216218693
1746,5/20/2017,0,0,0,Saturday,Night,Crash,The driver of the motor vehicle,Under influence of alcohol,Clear,None or none of listed,Motorbike,"Private, not used for business activity",No,5000,1848853.4387209925,6307731.299193376
1747,5/20/2017,0,0,0,Saturday,Day,Collision with a non rail vehicle ,The driver of the motor vehicle,No,Clear,None or none of listed,Passenger car without a trailer,"Private, not used for business activity",No,0,1840360.3394329436,6308172.127399832
1748,5/20/2017,0,0,0,Saturday,Night,Collision with a parked vehicle,The driver of the motor vehicle,Not tested,Clear,Parking slot adjacent to the road,"Not identified, the driver has fled",Not identified,No,0,1850617.6546126916,6314745.88807965
1749,5/20/2017,0,0,1,Saturday,Day,Crash,Driver of a non-motorized vehicle,No,Clear,None or none of listed,Bicycle,"Private, not used for business activity",No,10000,1848576.439203791,6322143.85867508
1750,5/20/2017,0,0,1,Saturday,Day,Collision with a non rail vehicle ,The driver of the motor vehicle,No,Clear,Near the pedestrian crossing,Passenger car without a trailer,"Private, not used for business activity",No,50000,1848096.3047703416,6310085.617921781