OBJECTID,Date,Dead,Serious injuries,Light injuries,Day of the week,Day/Night,Type of the accident,Cause of the accident,Alcohol or drugs,Weather conditions,Place,Vehicle type,Vehicle characteristic,Skid,Total damage in Czk,x,y
1876,5/7/2017,0,0,0,Sunday,Night,Collision with a parked vehicle,The driver of the motor vehicle,Under influence of alcohol,Clear,Gas station,Truck,"Private, not used for business activity",No,4000,1848197.4419786308,6304833.659152924
1877,5/7/2017,0,0,0,Sunday,Day,Collision with a fixed obstacle,The driver of the motor vehicle,No,Clear,None or none of listed,Truck,"Private, not used for business activity",No,20000,1848309.5598528075,6311574.422553781
1878,5/7/2017,0,0,0,Sunday,Day,Collision with a fixed obstacle,The driver of the motor vehicle,No,Clear,None or none of listed,Passenger car without a trailer,"Private, not used for business activity",No,60000,1839307.2464746868,6313404.475994662
1879,5/7/2017,0,0,2,Sunday,Day,Collision with a non rail vehicle ,The driver of the motor vehicle,No,Clear,None or none of listed,Truck,Private company,Yes,40000,1855710.5892213765,6301597.954507583
1880,5/7/2017,0,0,1,Sunday,Day,Collision with a fixed obstacle,The driver of the motor vehicle,No,Rain,"Bus stop, trolleybus, tramway without boarding. islet",Passenger car without a trailer,"Private, not used for business activity",Yes,70000,1848528.8132747228,6307229.9867543075
1881,5/7/2017,0,0,1,Sunday,Day,Collision with a fixed obstacle,The driver of the motor vehicle,No,Clear,None or none of listed,Passenger car without a trailer,"Private, not used for business activity",Yes,30000,1851798.271060783,6308004.612983171
1882,5/7/2017,0,0,0,Sunday,Night,Collision with a parked vehicle,The driver of the motor vehicle,Not tested,Clear,Parking slot adjacent to the road,"Not identified, the driver has fled",Not identified,No,0,1854124.0626140768,6307623.448298185
1883,5/7/2017,0,0,0,Sunday,Night,Collision with a parked vehicle,The driver of the motor vehicle,No,Clear,Parking slot adjacent to the road,Passenger car without a trailer,"Private, not used for business activity",No,0,1848331.7130993928,6311602.03047804
1884,5/7/2017,0,0,0,Sunday,Night,Collision with a non rail vehicle ,The driver of the motor vehicle,No,Clear,Pedestrian crossing,Passenger car without a trailer,Private company,No,120000,1850117.873513637,6306632.910177717
1885,5/7/2017,0,0,0,Sunday,Day,Collision with a fixed obstacle,The driver of the motor vehicle,Not tested,Clear,None or none of listed,Truck,"Private, used for business activity",No,0,1843983.2330400483,6304829.895054072
1886,5/6/2017,0,0,0,Saturday,Day,Collision with a non rail vehicle ,The driver of the motor vehicle,No,Clear,Gas station,Passenger car without a trailer,"Private, not used for business activity",No,90000,1852071.8132172404,6302291.446758222
1887,5/6/2017,0,0,0,Saturday,Night,Collision with a parked vehicle,The driver of the motor vehicle,Not tested,Clear,"Exit from the car park, forest roads, etc.","Not identified, the driver has fled",Not identified,No,0,1847587.0077472467,6305938.434281831
1888,5/6/2017,0,1,0,Saturday,Day,Collision with pedestrian,The driver of the motor vehicle,No,Clear,Pedestrian crossing,Passenger car without a trailer,Private company,No,10000,1850879.0760803586,6303623.858930457
1889,5/6/2017,0,0,0,Saturday,Night,Collision with a parked vehicle,The driver of the motor vehicle,Not tested,Clear,Parking slot adjacent to the road,"Not identified, the driver has fled",Not identified,No,0,1836644.648785122,6311574.333935905
1890,5/6/2017,0,0,0,Saturday,Day,Collision with a parked vehicle,The driver of the motor vehicle,No,Clear,Parking slot adjacent to the road,Passenger car without a trailer,"Private, not used for business activity",No,1000,1848449.5427766487,6306897.66377205
1891,5/6/2017,0,0,1,Saturday,Day,Collision with a non rail vehicle ,The driver of the motor vehicle,No,Clear,Parking slot adjacent to the road,Passenger car without a trailer,"Private, not used for business activity",No,10000,1847072.7109205488,6302786.021729466
1892,5/6/2017,0,0,0,Saturday,Day,Collision with a parked vehicle,Driver of a non-motorized vehicle,Under influence of alcohol,Clear,Parking slot adjacent to the road,Bicycle,"Private, not used for business activity",No,1000,1848701.5174496884,6308569.465147381
1893,5/6/2017,0,0,0,Saturday,Night,Collision with a fixed obstacle,Technical defect of the vehicle,Not tested,Clear,None or none of listed,Passenger car without a trailer,"Private, not used for business activity",No,50000,1857980.984967787,6305872.316841291
1894,5/6/2017,0,0,0,Saturday,Night,Collision with a non rail vehicle ,The driver of the motor vehicle,No,Clear,Near the pedestrian crossing,Passenger car without a trailer,"Private, not used for business activity",No,120000,1845989.6979548295,6312368.391166209
1895,5/6/2017,0,0,0,Saturday,Day,Collision with a fixed obstacle,The driver of the motor vehicle,Not tested,Clear,"Exit from the car park, forest roads, etc.",Passenger car without a trailer,Private company,No,0,1844728.514693197,6314126.563325584
1896,5/5/2017,0,0,0,Friday,Day,Collision with a fixed obstacle,The driver of the motor vehicle,No,Clear,None or none of listed,Truck with semi-trailer,Private company,No,50000,1856486.4906363036,6302624.055988098
1897,5/5/2017,0,0,0,Friday,Night,Collision with wildlife animals,"Forest animals, pets",Not tested,Clear,None or none of listed,Passenger car without a trailer,"Private, not used for business activity",No,10000,1837586.693315542,6307130.905194277
1898,5/5/2017,0,0,0,Friday,Day,Collision with a non rail vehicle ,The driver of the motor vehicle,No,Clear,Pedestrian crossing,Passenger car without a trailer,"Private, not used for business activity",No,20000,1846452.8811014995,6310629.792354221
1899,5/5/2017,0,0,0,Friday,Day,Collision with a non rail vehicle ,The driver of the motor vehicle,No,Clear,None or none of listed,Passenger car without a trailer,Private company,No,120000,1846012.6396773697,6318832.497483373
1900,5/5/2017,0,0,1,Friday,Day,Collision with a non rail vehicle ,The driver of the motor vehicle,No,Clear,None or none of listed,Truck,Private company,No,10000,1851069.317305264,6308500.329801787
1901,5/5/2017,0,0,0,Friday,Day,Collision with a parked vehicle,The driver of the motor vehicle,Not tested,Clear,None or none of listed,Truck,Private company,No,0,1850275.2075838665,6307748.623090338
1902,5/5/2017,0,0,0,Friday,Day,Collision with a non rail vehicle ,The driver of the motor vehicle,No,Clear,None or none of listed,Small motorbike,Not identified,No,1000,1853286.7608189282,6299493.619156632
1903,5/5/2017,0,0,0,Friday,Night,Collision with a parked vehicle,The driver of the motor vehicle,Not tested,Clear,None or none of listed,"Not identified, the driver has fled",Not identified,No,0,1845996.5642523451,6313899.163488625
1904,5/5/2017,0,0,0,Friday,Night,Collision with a parked vehicle,The driver of the motor vehicle,Not tested,Rain,None or none of listed,"Not identified, the driver has fled",Not identified,No,0,1838759.2659285439,6311520.061792901
1905,5/5/2017,0,0,0,Friday,Day,Collision with a fixed obstacle,The driver of the motor vehicle,No,Clear,None or none of listed,Passenger car without a trailer,"Private, not used for business activity",No,15000,1850189.1389158065,6313393.342154572
1906,5/5/2017,0,0,1,Friday,Night,Crash,The driver of the motor vehicle,No,Clear,None or none of listed,Motorbike,"Private, not used for business activity",No,5000,1848657.746848543,6311041.331449084
1907,5/5/2017,0,0,1,Friday,Day,Collision with a non rail vehicle ,The driver of the motor vehicle,Not tested,Clear,Parking slot adjacent to the road,Passenger car without a trailer,"Private, not used for business activity",No,5000,1848195.4594898147,6308525.870929473
1908,5/4/2017,0,0,0,Thursday,Night,Collision with a parked vehicle,The driver of the motor vehicle,Not tested,Clear,None or none of listed,"Not identified, the driver has fled",Not identified,No,0,1850003.0791849373,6305954.697407971
1909,5/4/2017,0,0,0,Thursday,Day,Collision with a fixed obstacle,The driver of the motor vehicle,No,Clear,None or none of listed,Passenger car without a trailer,"Private, not used for business activity",No,0,1848240.6613256533,6308686.183490813
1910,5/4/2017,0,0,1,Thursday,Day,Collision with a non rail vehicle ,The driver of the motor vehicle,No,Clear,Near the pedestrian crossing,Passenger car without a trailer,"Private, not used for business activity",No,50000,1849139.61107556,6306938.007936402
1911,5/4/2017,0,0,0,Thursday,Night,Collision with a parked vehicle,The driver of the motor vehicle,Not tested,Clear,Parking slot adjacent to the road,Passenger car without a trailer,"Private, not used for business activity",No,0,1847039.9148627266,6310177.595369353
1912,5/4/2017,0,0,2,Thursday,Day,Other collisions,The driver of the motor vehicle,Not tested,Clear,None or none of listed,"Not identified, the driver has fled",Not identified,No,0,1850306.6563418896,6305735.0657678805
1913,5/4/2017,0,0,1,Thursday,Day,Other collisions,The driver of the motor vehicle,No,Clear,Near the pedestrian crossing,Bus,Public transport,No,0,1850527.5266794069,6312769.286319311
1914,5/4/2017,0,0,3,Thursday,Day,Collision with a non rail vehicle ,The driver of the motor vehicle,No,Clear,None or none of listed,Passenger car without a trailer,"Private, not used for business activity",No,50000,1850015.6645212856,6306129.099584022
1915,5/4/2017,0,0,0,Thursday,Night,Collision with a parked vehicle,The driver of the motor vehicle,Not tested,Clear,"Exit from the car park, forest roads, etc.","Not identified, the driver has fled",Not identified,No,0,1846918.6959522557,6310370.663592842
1916,5/3/2017,0,0,0,Wednesday,Day,Collision with a non rail vehicle ,The driver of the motor vehicle,No,Rain,None or none of listed,Passenger car without a trailer,"Private, not used for business activity",Yes,100000,1852446.3200367852,6296897.880903149
1917,5/3/2017,0,0,0,Wednesday,Night,Collision with a non rail vehicle ,The driver of the motor vehicle,Not tested,Clear,Pedestrian crossing,"Not identified, the driver has fled",Not identified,No,0,1850487.0659406832,6308704.122309813
1918,5/3/2017,0,0,0,Wednesday,Day,Collision with a fixed obstacle,The driver of the motor vehicle,No,Clear,None or none of listed,Truck,Private company,No,2000,1845367.8474643906,6317940.643573796
1919,5/3/2017,0,0,0,Wednesday,Day,Collision with a fixed obstacle,The driver of the motor vehicle,No,Clear,Pedestrian crossing,Passenger car without a trailer,Private company,No,0,1852293.7813875773,6305319.537799542
1920,5/3/2017,0,0,1,Wednesday,Day,Collision with pedestrian,The driver of the motor vehicle,No,Clear,Pedestrian crossing,Passenger car without a trailer,"Private, not used for business activity",No,5000,1847119.1283652168,6308910.602997421
1921,5/3/2017,0,0,1,Wednesday,Day,Collision with a non rail vehicle ,The driver of the motor vehicle,No,Clear,"Bridge, overpass, underpass, tunnel",Passenger car without a trailer,Private company,No,5000,1848538.458106724,6306087.42560942
1922,5/3/2017,0,0,0,Wednesday,Day,Collision with a fixed obstacle,The driver of the motor vehicle,Not tested,Rain,None or none of listed,Truck,Private company,No,0,1844778.4933597029,6310942.461179021
1923,5/3/2017,0,0,0,Wednesday,Day,Collision with a parked vehicle,The driver of the motor vehicle,Not tested,Clear,None or none of listed,Passenger car without a trailer,Private company,No,1000,1847894.7552662843,6310751.145219004
1924,5/3/2017,0,0,0,Wednesday,Night,Collision with a parked vehicle,The driver of the motor vehicle,Not tested,Clear,Parking slot adjacent to the road,"Not identified, the driver has fled",Not identified,No,0,1857118.847794246,6309769.136214137
1925,5/3/2017,0,0,0,Wednesday,Night,Collision with a parked vehicle,The driver of the motor vehicle,Not tested,Clear,None or none of listed,"Not identified, the driver has fled",Not identified,No,0,1848612.5227488135,6307142.770160893
1926,5/3/2017,0,0,0,Wednesday,Day,Collision with a fixed obstacle,The driver of the motor vehicle,Not tested,Clear,Parking slot adjacent to the road,Passenger car without a trailer,"Private, not used for business activity",No,0,1851027.9466410212,6301555.226308971
1927,5/3/2017,0,0,0,Wednesday,Night,Collision with a parked vehicle,The driver of the motor vehicle,Not tested,Clear,Parking slot adjacent to the road,"Not identified, the driver has fled",Not identified,No,0,1844251.062391562,6304944.901846875
1928,5/2/2017,0,0,0,Tuesday,Night,Collision with a parked vehicle,The driver of the motor vehicle,Not tested,Clear,Parking slot adjacent to the road,"Not identified, the driver has fled",Not identified,No,0,1852059.587442848,6305896.545304296
1929,5/2/2017,0,0,1,Tuesday,Day,Collision with pedestrian,Pedestrian,No,Clear,Pedestrian crossing,Tram,Public transport,No,0,1848229.4887449557,6307547.345558069
1930,5/2/2017,0,0,1,Tuesday,Day,Collision with a fixed obstacle,The driver of the motor vehicle,No,Clear,Gas station,Passenger car without a trailer,"Private, not used for business activity",Yes,90000,1845202.079940861,6320658.5295486385
1931,5/2/2017,0,0,0,Tuesday,Night,Collision with a parked vehicle,The driver of the motor vehicle,Not tested,Clear,Parking slot adjacent to the road,"Not identified, the driver has fled",Not identified,No,0,1854912.0751443247,6310260.465489009
1932,5/2/2017,0,0,0,Tuesday,Night,Collision with a parked vehicle,The driver of the motor vehicle,Not tested,Clear,None or none of listed,"Not identified, the driver has fled",Not identified,No,0,1851041.6976037635,6303171.674066073
1933,5/2/2017,0,0,0,Tuesday,Day,Collision with a parked vehicle,The driver of the motor vehicle,Not tested,Clear,Parking slot adjacent to the road,Truck,Private company,No,1000,1845457.6544635922,6310994.412572821
1934,5/2/2017,0,0,0,Tuesday,Night,Collision with a parked vehicle,The driver of the motor vehicle,Not tested,Clear,None or none of listed,"Not identified, the driver has fled",Not identified,No,0,1846416.0934607023,6310500.700937236
1935,5/2/2017,0,0,2,Tuesday,Day,Other collisions,The driver of the motor vehicle,No,Clear,Near the pedestrian crossing,Passenger car without a trailer,"Private, not used for business activity",No,0,1847112.9057170053,6309234.3182938155
1936,5/2/2017,0,0,1,Tuesday,Day,Collision with a tram,The driver of the motor vehicle,No,Clear,None or none of listed,Passenger car without a trailer,"Private, not used for business activity",No,40000,1847358.9471724988,6306515.2045021765
1937,5/2/2017,0,0,1,Tuesday,Day,Collision with a non rail vehicle ,The driver of the motor vehicle,No,Clear,None or none of listed,Truck,Private company,No,1000,1858293.679636315,6305856.46720044
1938,5/2/2017,0,0,0,Tuesday,Day,Collision with a non rail vehicle ,The driver of the motor vehicle,No,Clear,None or none of listed,Passenger car without a trailer,Registered outside of the Czech Republic,No,2000,1849798.8623545596,6310541.98693763
1939,5/2/2017,0,0,0,Tuesday,Night,Collision with a parked vehicle,The driver of the motor vehicle,Not tested,Clear,None or none of listed,Passenger car without a trailer,"Private, not used for business activity",No,5000,1850059.939844999,6314578.148271094
1940,5/2/2017,0,0,0,Tuesday,Night,Collision with a parked vehicle,The driver of the motor vehicle,Not tested,Clear,"Exit from the car park, forest roads, etc.",Truck,Private company,No,500,1848025.127310564,6311631.485335854
1941,5/2/2017,0,0,0,Tuesday,Night,Collision with a parked vehicle,The driver of the motor vehicle,Not tested,Clear,None or none of listed,"Not identified, the driver has fled",Not identified,No,0,1849699.570489469,6307617.305701919
1942,5/2/2017,0,0,0,Tuesday,Night,Collision with a parked vehicle,The driver of the motor vehicle,Not tested,Clear,Parking slot adjacent to the road,"Not identified, the driver has fled",Not identified,No,0,1838521.8584127524,6312528.19737644
1943,5/1/2017,0,0,0,Monday,Day,Other collisions,Technical defect of the vehicle,Not tested,Clear,None or none of listed,"Not identified, the driver has fled",Not identified,No,0,1840439.4570893596,6303671.099949334
1944,5/1/2017,0,0,0,Monday,Night,Collision with a fixed obstacle,The driver of the motor vehicle,Not tested,Clear,None or none of listed,"Not identified, the driver has fled",Not identified,No,0,1840968.6735108139,6303588.464008999
1945,5/1/2017,0,0,0,Monday,Day,Other collisions,Other,Not tested,Clear,None or none of listed,Passenger car without a trailer,"Private, not used for business activity",No,30000,1855737.8902151727,6296184.594936657
1946,5/1/2017,0,0,1,Monday,Day,Collision with a non rail vehicle ,The driver of the motor vehicle,No,Clear,Near the pedestrian crossing,Passenger car without a trailer,"Private, not used for business activity",No,5000,1844973.3927487007,6315956.942658483
1947,5/1/2017,0,0,0,Monday,Day,Collision with a non rail vehicle ,The driver of the motor vehicle,No,Clear,None or none of listed,Passenger car without a trailer,Registered outside of the Czech Republic,No,40000,1831114.1997458762,6317720.296540391
1948,4/30/2017,0,0,0,Sunday,Night,Collision with a parked vehicle,The driver of the motor vehicle,Not tested,Clear,None or none of listed,"Not identified, the driver has fled",Not identified,No,0,1857468.982435792,6310853.5804891335
1949,4/30/2017,0,0,0,Sunday,Day,Collision with a parked vehicle,The driver of the motor vehicle,No,Clear,Parking slot adjacent to the road,Passenger car without a trailer,Private company,No,0,1848481.5354417039,6308138.968117633
1950,4/30/2017,0,0,0,Sunday,Day,Collision with a parked vehicle,The driver of the motor vehicle,Not tested,Clear,Parking slot adjacent to the road,Passenger car without a trailer,"Private, not used for business activity",No,0,1856313.148266701,6310571.912649598
1951,4/30/2017,0,0,0,Sunday,Night,Collision with a parked vehicle,The driver of the motor vehicle,Not tested,Rain,Parking slot adjacent to the road,"Not identified, the driver has fled",Not identified,No,0,1842008.5397098102,6310936.255838739
1952,4/29/2017,0,0,0,Saturday,Night,Collision with a parked vehicle,The driver of the motor vehicle,No,Clear,Parking slot adjacent to the road,Passenger car without a trailer,Private company,No,10000,1848041.0621390718,6308590.273749594
1953,4/29/2017,0,0,0,Saturday,Night,Collision with a parked vehicle,The driver of the motor vehicle,Not tested,Clear,None or none of listed,Passenger car without a trailer,Private company,No,10000,1850719.6236002217,6314778.278413656
1954,4/29/2017,0,0,0,Saturday,Night,Collision with a parked vehicle,The driver of the motor vehicle,Not tested,Clear,Parking slot adjacent to the road,"Not identified, the driver has fled",Not identified,No,0,1843003.5772159097,6303550.968266774
1955,4/29/2017,0,0,0,Saturday,Day,Collision with a fixed obstacle,The driver of the motor vehicle,Not tested,Clear,Near the pedestrian crossing,Truck,Private company,No,0,1851302.9947275578,6307105.5386231365
1956,4/29/2017,0,0,1,Saturday,Day,Collision with a parked vehicle,The driver of the motor vehicle,No,Clear,Parking slot adjacent to the road,Passenger car without a trailer,Private company,No,20000,1846289.205382522,6310903.381158797
1957,4/29/2017,0,0,0,Saturday,Night,Collision with a fixed obstacle,The driver of the motor vehicle,Not tested,Clear,None or none of listed,"Not identified, the driver has fled",Not identified,No,0,1847275.655035182,6306160.1963439975
1958,4/28/2017,0,0,0,Friday,Night,Collision with a parked vehicle,The driver of the motor vehicle,Not tested,Clear,None or none of listed,"Not identified, the driver has fled",Not identified,No,0,1851229.8868764914,6311011.075353229
1959,4/28/2017,0,0,0,Friday,Night,Collision with a parked vehicle,The driver of the motor vehicle,Not tested,Clear,None or none of listed,"Not identified, the driver has fled",Not identified,No,0,1851294.1161076082,6310969.150754971
1960,4/28/2017,0,0,0,Friday,Night,Collision with a parked vehicle,The driver of the motor vehicle,Not tested,Clear,Parking slot adjacent to the road,"Not identified, the driver has fled",Not identified,No,0,1846000.4813625838,6311972.631993526
1961,4/28/2017,0,0,0,Friday,Day,Collision with a non rail vehicle ,The driver of the motor vehicle,Not tested,Rain,None or none of listed,Passenger car without a trailer,"Private, not used for business activity",No,1000,1851625.6411359173,6311410.694425566
1962,4/28/2017,0,0,0,Friday,Night,Collision with a parked vehicle,The driver of the motor vehicle,Not tested,Rain,Parking slot adjacent to the road,"Not identified, the driver has fled",Not identified,No,0,1845626.2175534929,6308644.708284804
1963,4/28/2017,0,0,0,Friday,Night,Collision with a fixed obstacle,The driver of the motor vehicle,No,Rain,None or none of listed,Passenger car without a trailer,"Private, not used for business activity",No,60000,1854781.4131127691,6298636.728761896
1964,4/28/2017,0,0,0,Friday,Night,Collision with a parked vehicle,The driver of the motor vehicle,No,"At the beginning of the rain, light rain, drizzle, etc.",Parking slot adjacent to the road,Passenger car without a trailer,"Private, not used for business activity",No,0,1848396.1536149087,6305043.283543793
1965,4/28/2017,0,0,0,Friday,Night,Collision with a parked vehicle,The driver of the motor vehicle,Not tested,Clear,Parking slot adjacent to the road,"Not identified, the driver has fled",Not identified,No,0,1851108.4208367511,6301266.524976106
1966,4/28/2017,0,0,0,Friday,Night,Collision with a fixed obstacle,The driver of the motor vehicle,Not tested,Clear,"Exit from the car park, forest roads, etc.","Not identified, the driver has fled",Not identified,No,0,1852459.5658316736,6309258.999733729
1967,4/27/2017,0,0,0,Thursday,Night,Collision with a fixed obstacle,The driver of the motor vehicle,No,Rain,None or none of listed,Passenger car without a trailer,Private company,Yes,150000,1852859.0618731466,6302271.330710144
1968,4/27/2017,0,0,0,Thursday,Day,Collision with a non rail vehicle ,The driver of the motor vehicle,No,Rain,Near the pedestrian crossing,Passenger car without a trailer,"Private, not used for business activity",No,150000,1848413.5025349057,6306052.819082498
1969,4/27/2017,0,0,1,Thursday,Day,Other collisions,The driver of the motor vehicle,No,Clear,Near the pedestrian crossing,Passenger car without a trailer,Private company,No,0,1845173.1838500802,6307501.590456549
1970,4/27/2017,0,0,0,Thursday,Night,Collision with a parked vehicle,The driver of the motor vehicle,Not tested,Clear,Parking slot adjacent to the road,"Not identified, the driver has fled",Not identified,No,0,1851080.3540761766,6301294.379320325
1971,4/27/2017,0,0,0,Thursday,Day,Collision with a fixed obstacle,The driver of the motor vehicle,No,Clear,Parking slot adjacent to the road,Passenger car without a trailer,The Municipal Police,No,0,1846166.206696029,6312252.810563988
1972,4/27/2017,0,0,0,Thursday,Day,Collision with a parked vehicle,The driver of the motor vehicle,Not tested,Clear,Parking slot adjacent to the road,Passenger car without a trailer,"Private, not used for business activity",No,5000,1846805.729044316,6310537.808606339
1973,4/27/2017,0,0,0,Thursday,Night,Collision with a parked vehicle,The driver of the motor vehicle,Not tested,Clear,Parking slot adjacent to the road,"Not identified, the driver has fled",Not identified,No,0,1842976.564428277,6304589.994562292
1974,4/27/2017,0,0,0,Thursday,Day,Collision with a fixed obstacle,The driver of the motor vehicle,Not tested,Clear,"Bridge, overpass, underpass, tunnel",Truck with trailer,Private company,No,0,1846059.6933129323,6311720.3897423465
1975,4/26/2017,0,0,0,Wednesday,Day,Collision with a parked vehicle,The driver of the motor vehicle,No,Clear,Parking slot adjacent to the road,Truck,Private company,No,1000,1844927.133266384,6311740.882496618
1976,4/26/2017,0,0,0,Wednesday,Day,Collision with a parked vehicle,The driver of the motor vehicle,Not tested,Clear,Parking slot adjacent to the road,Passenger car without a trailer,"Private, not used for business activity",No,0,1851627.0570085251,6307923.990607848
1977,4/26/2017,0,0,0,Wednesday,Night,Collision with a parked vehicle,The driver of the motor vehicle,Not tested,Clear,None or none of listed,"Not identified, the driver has fled",Not identified,No,0,1845916.4873558776,6313437.987888748
1978,4/26/2017,0,0,1,Wednesday,Day,Collision with pedestrian,The driver of the motor vehicle,No,Clear,Near the pedestrian crossing,Passenger car without a trailer,"Private, not used for business activity",No,0,1847497.221119518,6307278.571300701
1979,4/26/2017,0,0,0,Wednesday,Day,Collision with a non rail vehicle ,The driver of the motor vehicle,No,Clear,None or none of listed,Passenger car without a trailer,"Private, not used for business activity",No,50000,1850426.748365151,6310512.790122164
1980,4/26/2017,0,0,0,Wednesday,Day,Collision with a parked vehicle,The driver of the motor vehicle,No,Clear,None or none of listed,Passenger car without a trailer,"Private, not used for business activity",No,5000,1850089.6350984068,6310765.550364537
1981,4/26/2017,0,0,0,Wednesday,Day,Collision with a parked vehicle,The driver of the motor vehicle,Not tested,Rain,None or none of listed,Truck,Private company,No,0,1845704.0977824498,6310517.085163412
1982,4/25/2017,1,0,0,Tuesday,Day,Collision with a non rail vehicle ,The driver of the motor vehicle,No,Clear,None or none of listed,Truck with semi-trailer,Registered outside of the Czech Republic,No,500000,1858920.7994348481,6304370.772912302
1983,4/25/2017,0,0,1,Tuesday,Day,Collision with a non rail vehicle ,The driver of the motor vehicle,No,Clear,"Bus stop, trolleybus, tramway without boarding. islet",Passenger car without a trailer,Private company,No,40000,1842924.705686892,6308136.6149095865
1984,4/25/2017,0,0,0,Tuesday,Day,Collision with a parked vehicle,The driver of the motor vehicle,Not tested,Clear,Parking slot adjacent to the road,Truck with trailer,Private company,No,0,1848522.8255106334,6310956.470456567
1985,4/25/2017,0,1,0,Tuesday,Day,Other collisions,Other,Not tested,Clear,Pedestrian crossing,Troleybus,Public transport,No,0,1847349.3639001765,6309649.5353704
1986,4/25/2017,0,0,1,Tuesday,Day,Collision with pedestrian,Pedestrian,Under influence of alcohol,Clear,"Bus, trolleybus, tram stop. islet",Tram,Public transport,No,0,1849411.4148668572,6308956.350247489
1987,4/24/2017,0,0,0,Monday,Day,Collision with a non rail vehicle ,The driver of the motor vehicle,Not tested,Clear,"Bridge, overpass, underpass, tunnel",Truck,"Private, used for business activity",No,30000,1855237.5540771345,6306690.806091474
1988,4/24/2017,0,0,1,Monday,Day,Collision with pedestrian,The driver of the motor vehicle,No,Clear,"Bus, trolleybus, tram stop. islet",Passenger car without a trailer,Private company,No,5000,1850054.3742044156,6307468.090074929
1989,4/24/2017,0,0,0,Monday,Day,Collision with a fixed obstacle,The driver of the motor vehicle,Not tested,Clear,None or none of listed,Passenger car without a trailer,"Private, not used for business activity",No,30000,1850360.6219159574,6302453.068704385
1990,4/24/2017,0,0,0,Monday,Night,Collision with a parked vehicle,The driver of the motor vehicle,Not tested,Clear,None or none of listed,"Not identified, the driver has fled",Not identified,No,0,1850434.2924870467,6311113.183189362
1991,4/24/2017,0,0,0,Monday,Day,Collision with a fixed obstacle,Road defect,Not tested,Clear,None or none of listed,Truck with semi-trailer,Registered outside of the Czech Republic,No,20000,1856737.9675998983,6305076.3599780835
1992,4/24/2017,0,0,0,Monday,Night,Collision with a parked vehicle,The driver of the motor vehicle,Not tested,Clear,None or none of listed,"Not identified, the driver has fled",Not identified,No,0,1848183.5863755664,6306468.104741
1993,4/24/2017,0,0,0,Monday,Night,Collision with a parked vehicle,The driver of the motor vehicle,Not tested,Clear,Parking slot adjacent to the road,"Not identified, the driver has fled",Not identified,No,0,1845001.7705359343,6319374.117763048
1994,4/24/2017,0,0,0,Monday,Day,Collision with a parked vehicle,The driver of the motor vehicle,No,Clear,Parking slot adjacent to the road,Truck,Private company,No,5000,1848113.6816315327,6309697.557471106
1995,4/24/2017,0,0,0,Monday,Night,Collision with a parked vehicle,The driver of the motor vehicle,Not tested,Clear,None or none of listed,"Not identified, the driver has fled",Not identified,No,0,1849767.6866632453,6307275.25203905
1996,4/24/2017,0,0,0,Monday,Night,Collision with a parked vehicle,The driver of the motor vehicle,Not tested,Clear,None or none of listed,"Not identified, the driver has fled",Not identified,No,0,1848263.6791907235,6307473.741824163
1997,4/24/2017,0,0,0,Monday,Day,Collision with a parked vehicle,The driver of the motor vehicle,Not tested,Clear,None or none of listed,Passenger car without a trailer,"Private, not used for business activity",No,5000,1852637.7463689859,6308087.881471247
1998,4/24/2017,0,0,0,Monday,Night,Collision with a parked vehicle,The driver of the motor vehicle,Not tested,Clear,None or none of listed,"Not identified, the driver has fled",Not identified,No,0,1853824.5126623395,6307899.085497729
1999,4/23/2017,0,0,0,Sunday,Night,Collision with a parked vehicle,The driver of the motor vehicle,Not tested,Clear,Parking slot adjacent to the road,"Not identified, the driver has fled",Not identified,No,0,1848947.722210875,6307630.789576175
2000,4/23/2017,0,0,0,Sunday,Day,Collision with a tram,Driver of a non-motorized vehicle,Not tested,Clear,Near the pedestrian crossing,"Not identified, the driver has fled",Not identified,No,0,1848766.2102151604,6309011.575436677